arrest_id,fir_id,accused_id,criminal_id,accused_name,arresting_officer_id,arrest_date,arrest_location,district_id,station_id,arrest_type,is_juvenile,remand_days,bail_granted,bail_date,bail_amount_inr,bail_court,is_convicted,conviction_date,sentence
ARR-0000000,FIR-KLP-2021-00001,ACC-FIR-KLP-2021-00001-000,,Satish Joshi,OFF-0001744,2021-01-11,"Near Railway Station, Kalaburagi",KA-KLP,STN-KA-KLP-0020,preventive,false,10,true,2021-04-02,50000,JMFC Court,false,,
ARR-0000001,FIR-YDG-2021-00001,ACC-FIR-YDG-2021-00001-000,,Ramesh Gowda,OFF-0003298,2021-01-17,"Near Market, Yadgir",KA-YDG,STN-KA-YDG-0009,preventive,false,10,true,2021-02-12,50000,District Sessions Court,false,,
ARR-0000002,FIR-BLR-2021-00002,ACC-FIR-BLR-2021-00002-000,CRM-0000211,Prashanth Adiga,OFF-0000215,2021-01-30,"Near Market, Bengaluru Urban",KA-BLR,STN-KA-BLR-0018,preventive,false,6,true,2021-02-28,200000,Fast Track Court,false,,
ARR-0000003,FIR-MGL-2021-00001,ACC-FIR-MGL-2021-00001-000,CRM-0000160,Anita Bhat,OFF-0000968,2021-01-05,"Near Highway, Dakshina Kannada",KA-MGL,STN-KA-MGL-0003,preventive,false,7,true,2021-02-28,10000,JMFC Court,false,,
ARR-0000004,FIR-BLR-2021-00003,ACC-FIR-BLR-2021-00003-000,CRM-0000236,Shivakumar Tantri,OFF-0000054,2021-01-26,"Near Market, Bengaluru Urban",KA-BLR,STN-KA-BLR-0004,warrant,false,13,true,2021-02-19,50000,Chief Judicial Magistrate Court,false,,
ARR-0000005,FIR-BLR-2021-00005,ACC-FIR-BLR-2021-00005-000,CRM-0000029,Deepak Raju,OFF-0000017,2021-02-01,"Near Highway, Bengaluru Urban",KA-BLR,STN-KA-BLR-0001,suo_moto,false,12,false,,0.0,,false,,
ARR-0000006,FIR-MGL-2021-00003,ACC-FIR-MGL-2021-00003-000,CRM-0000013,Sujatha Murthy,OFF-0000994,2021-01-19,"Near Highway, Dakshina Kannada",KA-MGL,STN-KA-MGL-0008,warrant,false,13,true,2021-03-29,10000,Fast Track Court,false,,
ARR-0000007,FIR-BLR2-2021-00002,ACC-FIR-BLR2-2021-00002-000,CRM-0000148,Ramesh Hegde,OFF-0003552,2021-02-08,"Near Bus Stand, Ballari",KA-BLR2,STN-KA-BLR2-0007,suo_moto,false,7,false,,0.0,,false,,
ARR-0000008,FIR-BLR-2021-00009,ACC-FIR-BLR-2021-00009-000,CRM-0000231,Naveen Desai,OFF-0000381,2021-01-30,"Near Highway, Bengaluru Urban",KA-BLR,STN-KA-BLR-0033,warrant,false,13,false,,0.0,,false,,
ARR-0000009,FIR-KLP-2021-00003,ACC-FIR-KLP-2021-00003-000,,Vidya Kamath,OFF-0001696,2021-01-22,"Near Market, Kalaburagi",KA-KLP,STN-KA-KLP-0015,suo_moto,false,5,true,2021-03-05,10000,Fast Track Court,false,,
ARR-0000010,FIR-VKT-2021-00001,ACC-FIR-VKT-2021-00001-000,CRM-0000104,Basavaraj Rao,OFF-0003327,2021-01-27,"Near Railway Station, Vijayanagara",KA-VKT,STN-KA-VKT-0004,preventive,false,2,true,2021-02-22,10000,Additional Sessions Court,false,,
ARR-0000011,FIR-MGL-2021-00005,ACC-FIR-MGL-2021-00005-000,CRM-0000084,Kavitha Lingayat,OFF-0001018,2021-01-31,"Near Market, Dakshina Kannada",KA-MGL,STN-KA-MGL-0013,warrant,false,2,true,2021-04-16,50000,Chief Judicial Magistrate Court,false,,
ARR-0000012,FIR-BLG-2021-00002,ACC-FIR-BLG-2021-00002-000,,Seeta Shetty,OFF-0001490,2021-02-14,"Near Railway Station, Belagavi",KA-BLG,STN-KA-BLG-0018,suo_moto,true,1,true,2021-04-15,25000,Additional Sessions Court,false,,
ARR-0000013,FIR-BLG-2021-00004,ACC-FIR-BLG-2021-00004-000,CRM-0000006,Basavaraj Nambiar,OFF-0001436,2021-02-04,"Near Railway Station, Belagavi",KA-BLG,STN-KA-BLG-0011,warrant,false,4,true,2021-04-03,10000,Fast Track Court,false,,
ARR-0000014,FIR-KLR-2021-00002,ACC-FIR-KLR-2021-00002-000,CRM-0000169,Vinay Rao,OFF-0002923,2021-02-10,"Near Highway, Kolar",KA-KLR,STN-KA-KLR-0011,suo_moto,false,9,true,2021-05-09,50000,JMFC Court,false,,
ARR-0000015,FIR-BLR-2021-00014,ACC-FIR-BLR-2021-00014-000,CRM-0000096,Sandeep Aras,OFF-0000556,2021-02-08,"Near Market, Bengaluru Urban",KA-BLR,STN-KA-BLR-0051,preventive,false,6,true,2021-02-17,200000,Chief Judicial Magistrate Court,false,,
ARR-0000016,FIR-MGL-2021-00008,ACC-FIR-MGL-2021-00008-000,,Rekha Kumar,OFF-0001072,2021-02-27,"Near Highway, Dakshina Kannada",KA-MGL,STN-KA-MGL-0020,preventive,false,7,false,,0.0,,false,,
ARR-0000017,FIR-KLP-2021-00007,ACC-FIR-KLP-2021-00007-000,,Abhishek Singh,OFF-0001768,2021-02-06,"Near Market, Kalaburagi",KA-KLP,STN-KA-KLP-0022,preventive,false,2,true,2021-03-15,100000,JMFC Court,false,,
ARR-0000018,FIR-BLRR-2021-00002,ACC-FIR-BLRR-2021-00002-000,CRM-0000042,Ravi Hegde,OFF-0000660,2021-02-17,"Near Railway Station, Bengaluru Rural",KA-BLR-R,STN-KA-BLR-R-0002,warrant,false,15,true,2021-03-19,10000,JMFC Court,false,,
ARR-0000019,FIR-CHT-2021-00002,ACC-FIR-CHT-2021-00002-000,,Arjun Pillai,OFF-0002858,2021-02-24,"Near Bus Stand, Chamarajanagara",KA-CHT,STN-KA-CHT-0007,warrant,false,10,false,,0.0,,true,2022-08-15,Life imprisonment
ARR-0000020,FIR-BLR-2021-00019,ACC-FIR-BLR-2021-00019-000,CRM-0000200,Jyothi Patil,OFF-0000512,2021-02-03,"Near Bus Stand, Bengaluru Urban",KA-BLR,STN-KA-BLR-0048,suo_moto,false,7,false,,0.0,,false,,
ARR-0000021,FIR-KLP-2021-00008,ACC-FIR-KLP-2021-00008-000,CRM-0000079,Sangeetha Gowda,OFF-0001717,2021-02-05,"Near Highway, Kalaburagi",KA-KLP,STN-KA-KLP-0018,warrant,false,12,true,2021-04-20,100000,Chief Judicial Magistrate Court,false,,
ARR-0000022,FIR-BLR-2021-00021,ACC-FIR-BLR-2021-00021-000,CRM-0000066,Deepak Shastri,OFF-0000206,2021-02-20,"Near Highway, Bengaluru Urban",KA-BLR,STN-KA-BLR-0017,warrant,false,2,true,2021-03-31,10000,JMFC Court,false,,
ARR-0000023,FIR-BLR-2021-00021,ACC-FIR-BLR-2021-00021-001,CRM-0000140,Shantha Prabhu,OFF-0000206,2021-02-19,"Near Market, Bengaluru Urban",KA-BLR,STN-KA-BLR-0017,suo_moto,false,3,false,,0.0,,false,,
ARR-0000024,FIR-RBG-2021-00006,ACC-FIR-RBG-2021-00006-000,,Mahesh Joshi,OFF-0003900,2021-02-19,"Near Market, Dharwad",KA-RBG,STN-KA-RBG-0022,preventive,false,8,false,,0.0,,true,2022-01-23,5 years imprisonment
ARR-0000025,FIR-BLR-2021-00022,ACC-FIR-BLR-2021-00022-000,CRM-0000091,Prakash Kumar,OFF-0000040,2021-03-08,"Near Market, Bengaluru Urban",KA-BLR,STN-KA-BLR-0002,suo_moto,false,10,true,2021-03-25,100000,Fast Track Court,false,,
ARR-0000026,FIR-BLR-2021-00023,ACC-FIR-BLR-2021-00023-000,CRM-0000208,Anil Tantri,OFF-0000455,2021-02-11,"Near Bus Stand, Bengaluru Urban",KA-BLR,STN-KA-BLR-0041,preventive,false,1,true,2021-03-12,25000,Fast Track Court,false,,
ARR-0000027,FIR-MYS-2021-00004,ACC-FIR-MYS-2021-00004-000,CRM-0000225,Mahesh Gowda,OFF-0000876,2021-03-05,"Near Railway Station, Mysuru",KA-MYS,STN-KA-MYS-0021,suo_moto,false,1,true,2021-05-25,100000,Chief Judicial Magistrate Court,false,,
ARR-0000028,FIR-GBG-2021-00001,ACC-FIR-GBG-2021-00001-000,CRM-0000237,Shantha Prabhu,OFF-0003161,2021-02-12,"Near Market, Gadag",KA-GBG,STN-KA-GBG-0009,suo_moto,false,2,true,2021-04-05,10000,Chief Judicial Magistrate Court,false,,
ARR-0000029,FIR-BLR-2021-00025,ACC-FIR-BLR-2021-00025-000,CRM-0000133,Naveen Hegde,OFF-0000493,2021-02-19,"Near Bus Stand, Bengaluru Urban",KA-BLR,STN-KA-BLR-0045,warrant,false,5,false,,0.0,,false,,
ARR-0000030,FIR-BLR2-2021-00005,ACC-FIR-BLR2-2021-00005-000,,Basavaraj Naik,OFF-0003514,2021-03-08,"Near Bus Stand, Ballari",KA-BLR2,STN-KA-BLR2-0003,warrant,false,11,false,,0.0,,false,,
ARR-0000031,FIR-BLR-2021-00029,ACC-FIR-BLR-2021-00029-000,,Rajesh Sharma,OFF-0000262,2021-02-18,"Near Highway, Bengaluru Urban",KA-BLR,STN-KA-BLR-0022,preventive,false,14,false,,0.0,,false,,
ARR-0000032,FIR-MGL-2021-00012,ACC-FIR-MGL-2021-00012-000,CRM-0000000,Ravi Sharma,OFF-0001040,2021-02-14,"Near Highway, Dakshina Kannada",KA-MGL,STN-KA-MGL-0015,warrant,false,2,false,,0.0,,false,,
ARR-0000033,FIR-BLG-2021-00009,ACC-FIR-BLG-2021-00009-000,CRM-0000175,Meera Krishnamurthy,OFF-0001429,2021-03-04,"Near Bus Stand, Belagavi",KA-BLG,STN-KA-BLG-0011,suo_moto,false,7,false,,0.0,,true,2021-12-05,1 year imprisonment
ARR-0000034,FIR-RBG-2021-00007,ACC-FIR-RBG-2021-00007-000,CRM-0000076,Sangeetha Kumar,OFF-0003868,2021-03-14,"Near Railway Station, Dharwad",KA-RBG,STN-KA-RBG-0020,preventive,false,11,true,2021-03-31,10000,District Sessions Court,false,,
ARR-0000035,FIR-KLP-2021-00013,ACC-FIR-KLP-2021-00013-000,,Prakash Thakur,OFF-0001611,2021-03-15,"Near Highway, Kalaburagi",KA-KLP,STN-KA-KLP-0003,preventive,false,7,true,2021-04-11,200000,JMFC Court,false,,
ARR-0000036,FIR-RBG-2021-00009,ACC-FIR-RBG-2021-00009-000,,Basavaraj Reddy,OFF-0003826,2021-02-27,"Near Railway Station, Dharwad",KA-RBG,STN-KA-RBG-0013,preventive,false,7,true,2021-03-21,200000,JMFC Court,false,,
ARR-0000037,FIR-BLR-2021-00039,ACC-FIR-BLR-2021-00039-000,CRM-0000049,Anil Shastri,OFF-0000180,2021-03-30,"Near Bus Stand, Bengaluru Urban",KA-BLR,STN-KA-BLR-0015,suo_moto,false,15,true,2021-04-07,200000,District Sessions Court,false,,
ARR-0000038,FIR-BLRR-2021-00003,ACC-FIR-BLRR-2021-00003-000,CRM-0000240,Basavaraj Bhat,OFF-0000720,2021-03-07,"Near Railway Station, Bengaluru Rural",KA-BLR-R,STN-KA-BLR-R-0016,preventive,false,10,true,2021-05-08,100000,Fast Track Court,false,,
ARR-0000039,FIR-BLR2-2021-00008,ACC-FIR-BLR2-2021-00008-000,CRM-0000103,Shivakumar Shetty,OFF-0003537,2021-03-03,"Near Highway, Ballari",KA-BLR2,STN-KA-BLR2-0006,suo_moto,false,4,true,2021-03-20,10000,Chief Judicial Magistrate Court,false,,
ARR-0000040,FIR-HBL-2021-00006,ACC-FIR-HBL-2021-00006-000,CRM-0000156,Basavaraj Verma,OFF-0001299,2021-03-31,"Near Market, Hubballi-Dharwad",KA-HBL,STN-KA-HBL-0023,warrant,false,5,true,2021-06-12,100000,Chief Judicial Magistrate Court,false,,
ARR-0000041,FIR-HBL-2021-00009,ACC-FIR-HBL-2021-00009-000,,Nagaraj Sharma,OFF-0001164,2021-03-13,"Near Market, Hubballi-Dharwad",KA-HBL,STN-KA-HBL-0005,warrant,false,12,true,2021-05-22,200000,District Sessions Court,false,,
ARR-0000042,FIR-BLR-2021-00042,ACC-FIR-BLR-2021-00042-000,,Meera Sharma,OFF-0000198,2021-04-04,"Near Market, Bengaluru Urban",KA-BLR,STN-KA-BLR-0016,preventive,false,5,false,,0.0,,false,,
ARR-0000043,FIR-UDR-2021-00007,ACC-FIR-UDR-2021-00007-000,CRM-0000128,Mahesh Hegde,OFF-0002683,2021-03-26,"Near Highway, Udupi",KA-UDR,STN-KA-UDR-0017,suo_moto,false,8,true,2021-04-11,25000,JMFC Court,false,,
ARR-0000044,FIR-BLR-2021-00043,ACC-FIR-BLR-2021-00043-000,CRM-0000036,Umesh Nayak,OFF-0000396,2021-04-08,"Near Bus Stand, Bengaluru Urban",KA-BLR,STN-KA-BLR-0035,preventive,false,1,false,,0.0,,false,,
ARR-0000045,FIR-RMN-2021-00003,ACC-FIR-RMN-2021-00003-000,CRM-0000005,Umesh Joshi,OFF-0003101,2021-03-19,"Near Market, Ramanagara",KA-RMN,STN-KA-RMN-0012,preventive,false,10,false,,0.0,,false,,
ARR-0000046,FIR-CKM-2021-00001,ACC-FIR-CKM-2021-00001-000,CRM-0000168,Vikram Krishnamurthy,OFF-0002471,2021-03-24,"Near Market, Chikkamagaluru",KA-CKM,STN-KA-CKM-0001,suo_moto,false,5,true,2021-06-11,200000,Fast Track Court,false,,
ARR-0000047,FIR-BLR-2021-00045,ACC-FIR-BLR-2021-00045-000,,Nagaraj Kumar,OFF-0000089,2021-04-05,"Near Market, Bengaluru Urban",KA-BLR,STN-KA-BLR-0008,preventive,false,9,true,2021-06-03,100000,Chief Judicial Magistrate Court,false,,
ARR-0000048,FIR-BLR2-2021-00011,ACC-FIR-BLR2-2021-00011-000,CRM-0000112,Seeta Shetty,OFF-0003705,2021-03-20,"Near Bus Stand, Ballari",KA-BLR2,STN-KA-BLR2-0028,warrant,false,2,true,2021-05-23,25000,District Sessions Court,false,,
ARR-0000049,FIR-MYS-2021-00009,ACC-FIR-MYS-2021-00009-000,,Sandeep Raju,OFF-0000768,2021-03-18,"Near Bus Stand, Mysuru",KA-MYS,STN-KA-MYS-0005,suo_moto,false,6,false,,0.0,,false,,
ARR-0000050,FIR-KLP-2021-00019,ACC-FIR-KLP-2021-00019-000,,Prakash Patil,OFF-0001739,2021-03-22,"Near Market, Kalaburagi",KA-KLP,STN-KA-KLP-0020,suo_moto,false,8,true,2021-05-19,25000,Chief Judicial Magistrate Court,false,,
ARR-0000051,FIR-SHV-2021-00003,ACC-FIR-SHV-2021-00003-000,CRM-0000162,Satish Aras,OFF-0001890,2021-03-22,"Near Railway Station, Shivamogga",KA-SHV,STN-KA-SHV-0000,suo_moto,false,11,false,,0.0,,true,2022-04-02,"Fine of Rs. 10,000"
ARR-0000052,FIR-HBL-2021-00010,ACC-FIR-HBL-2021-00010-000,CRM-0000034,Pooja Udupi,OFF-0001315,2021-03-16,"Near Bus Stand, Hubballi-Dharwad",KA-HBL,STN-KA-HBL-0027,suo_moto,false,9,true,2021-04-13,50000,Chief Judicial Magistrate Court,false,,
ARR-0000053,FIR-HBL-2021-00010,ACC-FIR-HBL-2021-00010-001,CRM-0000175,Meera Krishnamurthy,OFF-0001315,2021-04-07,"Near Highway, Hubballi-Dharwad",KA-HBL,STN-KA-HBL-0027,suo_moto,false,1,true,2021-06-09,10000,Chief Judicial Magistrate Court,false,,
ARR-0000054,FIR-RBG-2021-00012,ACC-FIR-RBG-2021-00012-000,CRM-0000146,Nagaraj Nambiar,OFF-0003718,2021-04-03,"Near Bus Stand, Dharwad",KA-RBG,STN-KA-RBG-0000,warrant,false,9,true,2021-04-14,100000,JMFC Court,false,,
ARR-0000055,FIR-HBL-2021-00012,ACC-FIR-HBL-2021-00012-000,CRM-0000234,Suma Rao,OFF-0001228,2021-03-27,"Near Bus Stand, Hubballi-Dharwad",KA-HBL,STN-KA-HBL-0014,warrant,false,3,true,2021-05-11,25000,District Sessions Court,false,,
ARR-0000056,FIR-BLR-2021-00051,ACC-FIR-BLR-2021-00051-000,CRM-0000109,Sangeetha Thakur,OFF-0000318,2021-03-25,"Near Market, Bengaluru Urban",KA-BLR,STN-KA-BLR-0027,suo_moto,false,11,true,2021-06-13,50000,JMFC Court,false,,
ARR-0000057,FIR-MYS-2021-00012,ACC-FIR-MYS-2021-00012-000,,Ajay Adiga,OFF-0000913,2021-04-15,"Near Railway Station, Mysuru",KA-MYS,STN-KA-MYS-0026,preventive,false,4,true,2021-06-25,25000,Chief Judicial Magistrate Court,false,,
ARR-0000058,FIR-BLR-2021-00053,ACC-FIR-BLR-2021-00053-000,CRM-0000170,Shantha Vokkaliga,OFF-0000567,2021-04-17,"Near Bus Stand, Bengaluru Urban",KA-BLR,STN-KA-BLR-0052,suo_moto,false,3,true,2021-05-25,100000,Additional Sessions Court,false,,
ARR-0000059,FIR-KLR-2021-00003,ACC-FIR-KLR-2021-00003-000,CRM-0000049,Anil Shastri,OFF-0002893,2021-04-18,"Near Highway, Kolar",KA-KLR,STN-KA-KLR-0005,preventive,false,11,true,2021-05-15,100000,Additional Sessions Court,false,,
ARR-0000060,FIR-SHV-2021-00004,ACC-FIR-SHV-2021-00004-000,CRM-0000218,Priya Pillai,OFF-0001932,2021-03-24,"Near Highway, Shivamogga",KA-SHV,STN-KA-SHV-0010,preventive,false,6,false,,0.0,,false,,
ARR-0000061,FIR-KLP-2021-00020,ACC-FIR-KLP-2021-00020-000,CRM-0000023,Tejas Kamath,OFF-0001620,2021-04-17,"Near Railway Station, Kalaburagi",KA-KLP,STN-KA-KLP-0003,suo_moto,false,7,false,,0.0,,false,,
ARR-0000062,FIR-BLR-2021-00056,ACC-FIR-BLR-2021-00056-000,,Rajesh Adiga,OFF-0000190,2021-04-14,"Near Market, Bengaluru Urban",KA-BLR,STN-KA-BLR-0015,preventive,false,13,true,2021-06-25,10000,JMFC Court,false,,
ARR-0000063,FIR-CTV-2021-00001,ACC-FIR-CTV-2021-00001-000,CRM-0000019,Anil Murthy,OFF-0003471,2021-04-11,"Near Railway Station, Chitradurga",KA-CTV,STN-KA-CTV-0015,warrant,false,7,true,2021-05-19,50000,Chief Judicial Magistrate Court,false,,
ARR-0000064,FIR-RBG-2021-00013,ACC-FIR-RBG-2021-00013-000,,Sneha Sharma,OFF-0003754,2021-04-17,"Near Railway Station, Dharwad",KA-RBG,STN-KA-RBG-0004,warrant,false,14,true,2021-07-08,10000,District Sessions Court,false,,
ARR-0000065,FIR-RBG-2021-00014,ACC-FIR-RBG-2021-00014-000,CRM-0000172,Sujatha Vokkaliga,OFF-0003774,2021-04-07,"Near Bus Stand, Dharwad",KA-RBG,STN-KA-RBG-0006,suo_moto,false,9,false,,0.0,,false,,
ARR-0000066,FIR-CTV-2021-00002,ACC-FIR-CTV-2021-00002-000,,Geetha Pillai,OFF-0003452,2021-04-18,"Near Bus Stand, Chitradurga",KA-CTV,STN-KA-CTV-0011,preventive,false,1,false,,0.0,,false,,
ARR-0000067,FIR-HBL-2021-00014,ACC-FIR-HBL-2021-00014-000,CRM-0000224,Abhishek Adiga,OFF-0001319,2021-04-25,"Near Railway Station, Hubballi-Dharwad",KA-HBL,STN-KA-HBL-0028,suo_moto,false,5,true,2021-06-28,100000,District Sessions Court,false,,
ARR-0000068,FIR-KLP-2021-00022,ACC-FIR-KLP-2021-00022-000,CRM-0000023,Tejas Kamath,OFF-0001597,2021-04-22,"Near Highway, Kalaburagi",KA-KLP,STN-KA-KLP-0000,suo_moto,false,1,true,2021-06-24,200000,JMFC Court,false,,
ARR-0000069,FIR-KLP-2021-00022,ACC-FIR-KLP-2021-00022-001,CRM-0000140,Shantha Prabhu,OFF-0001597,2021-04-08,"Near Railway Station, Kalaburagi",KA-KLP,STN-KA-KLP-0000,warrant,false,6,false,,0.0,,true,2021-11-26,5 years imprisonment
ARR-0000070,FIR-BLR-2021-00064,ACC-FIR-BLR-2021-00064-000,CRM-0000209,Mohan Kamath,OFF-0000452,2021-04-20,"Near Railway Station, Bengaluru Urban",KA-BLR,STN-KA-BLR-0040,suo_moto,false,8,false,,0.0,,false,,
ARR-0000071,FIR-BDR-2021-00005,ACC-FIR-BDR-2021-00005-000,CRM-0000131,Anita Singh,OFF-0002194,2021-05-03,"Near Highway, Bidar",KA-BDR,STN-KA-BDR-0006,preventive,false,5,false,,0.0,,false,,
ARR-0000072,FIR-BLG-2021-00011,ACC-FIR-BLG-2021-00011-000,CRM-0000025,Satish Udupi,OFF-0001555,2021-04-11,"Near Market, Belagavi",KA-BLG,STN-KA-BLG-0024,suo_moto,false,12,true,2021-05-25,10000,JMFC Court,false,,
ARR-0000073,FIR-BLR-2021-00066,ACC-FIR-BLR-2021-00066-000,,Manjunath Swamy,OFF-0000009,2021-04-30,"Near Market, Bengaluru Urban",KA-BLR,STN-KA-BLR-0000,warrant,false,9,true,2021-06-15,25000,Chief Judicial Magistrate Court,false,,
ARR-0000074,FIR-BLR-2021-00067,ACC-FIR-BLR-2021-00067-000,CRM-0000211,Prashanth Adiga,OFF-0000458,2021-04-18,"Near Highway, Bengaluru Urban",KA-BLR,STN-KA-BLR-0041,warrant,false,3,true,2021-05-26,100000,JMFC Court,false,,
ARR-0000075,FIR-BSD-2021-00001,ACC-FIR-BSD-2021-00001-000,,Raghavendra Vokkaliga,OFF-0002344,2021-04-17,"Near Bus Stand, Bagalkote",KA-BSD,STN-KA-BSD-0004,warrant,false,5,true,2021-06-04,50000,District Sessions Court,false,,
ARR-0000076,FIR-BLR-2021-00068,ACC-FIR-BLR-2021-00068-000,CRM-0000236,Shivakumar Tantri,OFF-0000562,2021-05-08,"Near Bus Stand, Bengaluru Urban",KA-BLR,STN-KA-BLR-0052,preventive,false,9,false,,0.0,,false,,
ARR-0000077,FIR-KPT-2021-00001,ACC-FIR-KPT-2021-00001-000,,Sneha Murthy,OFF-0003225,2021-04-29,"Near Market, Koppal",KA-KPT,STN-KA-KPT-0003,preventive,false,4,true,2021-07-20,200000,Fast Track Court,false,,
ARR-0000078,FIR-HBL-2021-00016,ACC-FIR-HBL-2021-00016-000,CRM-0000034,Pooja Udupi,OFF-0001230,2021-04-27,"Near Bus Stand, Hubballi-Dharwad",KA-HBL,STN-KA-HBL-0014,warrant,false,2,true,2021-07-14,10000,Fast Track Court,false,,
ARR-0000079,FIR-HBL-2021-00016,ACC-FIR-HBL-2021-00016-001,CRM-0000175,Meera Krishnamurthy,OFF-0001230,2021-05-05,"Near Railway Station, Hubballi-Dharwad",KA-HBL,STN-KA-HBL-0014,preventive,false,10,false,,0.0,,false,,
ARR-0000080,FIR-KLP-2021-00024,ACC-FIR-KLP-2021-00024-000,,Suresh Nambiar,OFF-0001676,2021-05-04,"Near Railway Station, Kalaburagi",KA-KLP,STN-KA-KLP-0011,preventive,false,7,false,,0.0,,false,,
ARR-0000081,FIR-BLR-2021-00072,ACC-FIR-BLR-2021-00072-000,CRM-0000121,Sandeep Kumar,OFF-0000512,2021-04-16,"Near Bus Stand, Bengaluru Urban",KA-BLR,STN-KA-BLR-0048,warrant,false,2,true,2021-06-04,200000,JMFC Court,false,,
ARR-0000082,FIR-BLR-2021-00073,ACC-FIR-BLR-2021-00073-000,CRM-0000054,Yogesh Tantri,OFF-0000268,2021-05-08,"Near Bus Stand, Bengaluru Urban",KA-BLR,STN-KA-BLR-0022,warrant,false,14,true,2021-07-18,50000,Fast Track Court,false,,
ARR-0000083,FIR-KLR-2021-00005,ACC-FIR-KLR-2021-00005-000,CRM-0000089,Kiran Bhat,OFF-0002912,2021-04-26,"Near Highway, Kolar",KA-KLR,STN-KA-KLR-0009,suo_moto,false,7,false,,0.0,,false,,
ARR-0000084,FIR-KLP-2021-00025,ACC-FIR-KLP-2021-00025-000,,Suresh Adiga,OFF-0001651,2021-05-15,"Near Highway, Kalaburagi",KA-KLP,STN-KA-KLP-0008,preventive,false,5,true,2021-07-14,100000,Additional Sessions Court,false,,
ARR-0000085,FIR-DVG-2021-00003,ACC-FIR-DVG-2021-00003-000,CRM-0000080,Lakshmi Vokkaliga,OFF-0001829,2021-05-26,"Near Market, Davanagere",KA-DVG,STN-KA-DVG-0004,suo_moto,false,10,true,2021-08-05,10000,Chief Judicial Magistrate Court,false,,
ARR-0000086,FIR-BLR-2021-00084,ACC-FIR-BLR-2021-00084-000,,Ajay Joshi,OFF-0000350,2021-05-13,"Near Market, Bengaluru Urban",KA-BLR,STN-KA-BLR-0030,suo_moto,false,14,false,,0.0,,false,,
ARR-0000087,FIR-RBG-2021-00019,ACC-FIR-RBG-2021-00019-000,,Srikanth Raju,OFF-0003800,2021-05-14,"Near Railway Station, Dharwad",KA-RBG,STN-KA-RBG-0009,warrant,false,6,true,2021-05-27,10000,JMFC Court,false,,
ARR-0000088,FIR-BLR-2021-00085,ACC-FIR-BLR-2021-00085-000,CRM-0000170,Shantha Vokkaliga,OFF-0000535,2021-05-06,"Near Market, Bengaluru Urban",KA-BLR,STN-KA-BLR-0050,suo_moto,true,11,true,2021-05-29,100000,Chief Judicial Magistrate Court,false,,
ARR-0000089,FIR-BLG-2021-00013,ACC-FIR-BLG-2021-00013-000,,Vikram Lingayat,OFF-0001337,2021-05-21,"Near Railway Station, Belagavi",KA-BLG,STN-KA-BLG-0000,warrant,false,2,true,2021-08-03,10000,Additional Sessions Court,false,,
ARR-0000090,FIR-BDR-2021-00006,ACC-FIR-BDR-2021-00006-000,,Manjunath Nayak,OFF-0002218,2021-05-08,"Near Highway, Bidar",KA-BDR,STN-KA-BDR-0010,warrant,false,10,true,2021-06-30,200000,Chief Judicial Magistrate Court,false,,
ARR-0000091,FIR-BLR-2021-00089,ACC-FIR-BLR-2021-00089-000,CRM-0000146,Nagaraj Nambiar,OFF-0000040,2021-05-24,"Near Bus Stand, Bengaluru Urban",KA-BLR,STN-KA-BLR-0002,warrant,false,2,true,2021-08-20,50000,Additional Sessions Court,false,,
ARR-0000092,FIR-UDR-2021-00010,ACC-FIR-UDR-2021-00010-000,,Prashanth Reddy,OFF-0002642,2021-05-22,"Near Railway Station, Udupi",KA-UDR,STN-KA-UDR-0011,warrant,false,4,false,,0.0,,false,,
ARR-0000093,FIR-UDR-2021-00011,ACC-FIR-UDR-2021-00011-000,CRM-0000053,Ravi Aras,OFF-0002608,2021-05-12,"Near Market, Udupi",KA-UDR,STN-KA-UDR-0006,suo_moto,false,3,true,2021-08-09,200000,Additional Sessions Court,false,,
ARR-0000094,FIR-BLR-2021-00095,ACC-FIR-BLR-2021-00095-000,CRM-0000183,Mohan Nayak,OFF-0000640,2021-05-21,"Near Railway Station, Bengaluru Urban",KA-BLR,STN-KA-BLR-0059,preventive,false,9,true,2021-06-10,200000,JMFC Court,false,,
ARR-0000095,FIR-CHB-2021-00005,ACC-FIR-CHB-2021-00005-000,CRM-0000235,Umesh Shastri,OFF-0002972,2021-06-05,"Near Market, Chikkaballapura",KA-CHB,STN-KA-CHB-0003,suo_moto,false,2,false,,0.0,,false,,
ARR-0000096,FIR-RMN-2021-00007,ACC-FIR-RMN-2021-00007-000,CRM-0000009,Suresh Verma,OFF-0003077,2021-06-05,"Near Market, Ramanagara",KA-RMN,STN-KA-RMN-0008,suo_moto,false,2,true,2021-08-30,25000,District Sessions Court,false,,
ARR-0000097,FIR-HBL-2021-00022,ACC-FIR-HBL-2021-00022-000,CRM-0000044,Amala Naik,OFF-0001237,2021-05-24,"Near Highway, Hubballi-Dharwad",KA-HBL,STN-KA-HBL-0015,warrant,false,14,true,2021-07-26,200000,Additional Sessions Court,false,,
ARR-0000098,FIR-UDR-2021-00013,ACC-FIR-UDR-2021-00013-000,CRM-0000220,Ajay Prabhu,OFF-0002695,2021-05-25,"Near Railway Station, Udupi",KA-UDR,STN-KA-UDR-0019,preventive,false,15,true,2021-08-13,200000,Additional Sessions Court,false,,
ARR-0000099,FIR-KLP-2021-00029,ACC-FIR-KLP-2021-00029-000,CRM-0000233,Nitya Pillai,OFF-0001661,2021-05-30,"Near Bus Stand, Kalaburagi",KA-KLP,STN-KA-KLP-0010,preventive,false,2,false,,0.0,,false,,
ARR-0000100,FIR-KLP-2021-00030,ACC-FIR-KLP-2021-00030-000,CRM-0000238,Anjali Sharma,OFF-0001783,2021-05-31,"Near Bus Stand, Kalaburagi",KA-KLP,STN-KA-KLP-0025,suo_moto,false,10,true,2021-08-27,200000,District Sessions Court,false,,
ARR-0000101,FIR-YDG-2021-00002,ACC-FIR-YDG-2021-00002-000,CRM-0000110,Gaurav Shastri,OFF-0003263,2021-06-14,"Near Market, Yadgir",KA-YDG,STN-KA-YDG-0002,warrant,false,15,false,,0.0,,false,,
ARR-0000102,FIR-RBG-2021-00024,ACC-FIR-RBG-2021-00024-000,CRM-0000059,Prashanth Murthy,OFF-0003872,2021-06-12,"Near Bus Stand, Dharwad",KA-RBG,STN-KA-RBG-0021,warrant,false,13,false,,0.0,,false,,
ARR-0000103,FIR-BLR2-2021-00027,ACC-FIR-BLR2-2021-00027-000,CRM-0000000,Ravi Sharma,OFF-0003613,2021-06-14,"Near Market, Ballari",KA-BLR2,STN-KA-BLR2-0018,preventive,false,8,false,,0.0,,true,2022-07-26,3 months imprisonment
ARR-0000104,FIR-BLR-2021-00103,ACC-FIR-BLR-2021-00103-000,CRM-0000047,Sujatha Gowda,OFF-0000448,2021-06-05,"Near Highway, Bengaluru Urban",KA-BLR,STN-KA-BLR-0040,warrant,false,10,true,2021-06-25,50000,District Sessions Court,false,,
ARR-0000105,FIR-TKR-2021-00002,ACC-FIR-TKR-2021-00002-000,,Ajay Kumar,OFF-0002021,2021-06-20,"Near Market, Tumakuru",KA-TKR,STN-KA-TKR-0011,warrant,false,11,true,2021-07-01,200000,District Sessions Court,false,,
ARR-0000106,FIR-KLP-2021-00033,ACC-FIR-KLP-2021-00033-000,,Mohan Gowda,OFF-0001741,2021-06-03,"Near Railway Station, Kalaburagi",KA-KLP,STN-KA-KLP-0020,suo_moto,false,15,false,,0.0,,true,2023-02-02,1 year imprisonment
ARR-0000107,FIR-CTV-2021-00004,ACC-FIR-CTV-2021-00004-000,CRM-0000226,Prashanth Rao,OFF-0003394,2021-06-22,"Near Highway, Chitradurga",KA-CTV,STN-KA-CTV-0000,preventive,false,10,false,,0.0,,false,,
ARR-0000108,FIR-RCR-2021-00004,ACC-FIR-RCR-2021-00004-000,,Deepa Shastri,OFF-0002127,2021-06-22,"Near Railway Station, Raichur",KA-RCR,STN-KA-RCR-0012,warrant,false,14,false,,0.0,,false,,
ARR-0000109,FIR-TKR-2021-00003,ACC-FIR-TKR-2021-00003-000,CRM-0000178,Madhu Lingayat,OFF-0001977,2021-06-19,"Near Highway, Tumakuru",KA-TKR,STN-KA-TKR-0001,warrant,false,14,true,2021-09-08,100000,Fast Track Court,false,,
ARR-0000110,FIR-BLR-2021-00107,ACC-FIR-BLR-2021-00107-000,CRM-0000127,Lakshmi Singh,OFF-0000306,2021-06-08,"Near Railway Station, Bengaluru Urban",KA-BLR,STN-KA-BLR-0026,warrant,false,9,true,2021-06-20,25000,Fast Track Court,false,,
ARR-0000111,FIR-UDR-2021-00014,ACC-FIR-UDR-2021-00014-000,,Akash Shastri,OFF-0002600,2021-06-25,"Near Railway Station, Udupi",KA-UDR,STN-KA-UDR-0005,suo_moto,false,1,true,2021-07-27,100000,JMFC Court,false,,
ARR-0000112,FIR-UDR-2021-00016,ACC-FIR-UDR-2021-00016-000,CRM-0000139,Kiran Shastri,OFF-0002604,2021-06-13,"Near Railway Station, Udupi",KA-UDR,STN-KA-UDR-0005,preventive,false,5,true,2021-07-25,25000,District Sessions Court,false,,
ARR-0000113,FIR-BLR2-2021-00028,ACC-FIR-BLR2-2021-00028-000,,Manjunath Pillai,OFF-0003614,2021-06-19,"Near Railway Station, Ballari",KA-BLR2,STN-KA-BLR2-0018,preventive,false,10,true,2021-07-05,10000,JMFC Court,false,,
ARR-0000114,FIR-BLR-2021-00110,ACC-FIR-BLR-2021-00110-000,,Naveen Desai,OFF-0000599,2021-06-16,"Near Highway, Bengaluru Urban",KA-BLR,STN-KA-BLR-0054,warrant,false,2,true,2021-07-05,10000,Chief Judicial Magistrate Court,false,,
ARR-0000115,FIR-BLR-2021-00111,ACC-FIR-BLR-2021-00111-000,CRM-0000095,Gaurav Desai,OFF-0000373,2021-07-16,"Near Highway, Bengaluru Urban",KA-BLR,STN-KA-BLR-0032,warrant,false,10,true,2021-09-04,25000,Fast Track Court,false,,
ARR-0000116,FIR-BLR-2021-00112,ACC-FIR-BLR-2021-00112-000,,Nitya Kumar,OFF-0000280,2021-07-04,"Near Highway, Bengaluru Urban",KA-BLR,STN-KA-BLR-0023,suo_moto,false,10,false,,0.0,,false,,
ARR-0000117,FIR-BLR2-2021-00029,ACC-FIR-BLR2-2021-00029-000,,Yogesh Sharma,OFF-0003594,2021-06-23,"Near Bus Stand, Ballari",KA-BLR2,STN-KA-BLR2-0015,suo_moto,false,12,true,2021-09-01,25000,Fast Track Court,false,,
ARR-0000118,FIR-BLR-2021-00121,ACC-FIR-BLR-2021-00121-000,CRM-0000012,Naveen Nambiar,OFF-0000023,2021-07-01,"Near Bus Stand, Bengaluru Urban",KA-BLR,STN-KA-BLR-0001,suo_moto,true,11,false,,0.0,,false,,
ARR-0000119,FIR-BLR-2021-00123,ACC-FIR-BLR-2021-00123-000,CRM-0000142,Manjunath Shetty,OFF-0000400,2021-06-28,"Near Highway, Bengaluru Urban",KA-BLR,STN-KA-BLR-0035,preventive,false,1,true,2021-07-17,100000,Additional Sessions Court,false,,
ARR-0000120,FIR-MGL-2021-00026,ACC-FIR-MGL-2021-00026-000,CRM-0000239,Nagaraj Udupi,OFF-0000995,2021-07-12,"Near Market, Dakshina Kannada",KA-MGL,STN-KA-MGL-0008,preventive,false,6,true,2021-08-02,10000,Additional Sessions Court,false,,
ARR-0000121,FIR-HBL-2021-00030,ACC-FIR-HBL-2021-00030-000,CRM-0000234,Suma Rao,OFF-0001327,2021-07-10,"Near Railway Station, Hubballi-Dharwad",KA-HBL,STN-KA-HBL-0029,preventive,false,4,true,2021-07-27,25000,District Sessions Court,false,,
ARR-0000122,FIR-MYS-2021-00029,ACC-FIR-MYS-2021-00029-000,CRM-0000100,Naveen Vokkaliga,OFF-0000926,2021-08-03,"Near Market, Mysuru",KA-MYS,STN-KA-MYS-0028,warrant,false,14,true,2021-09-01,100000,District Sessions Court,false,,
ARR-0000123,FIR-MGL-2021-00028,ACC-FIR-MGL-2021-00028-000,CRM-0000028,Shivakumar Lingayat,OFF-0001039,2021-08-01,"Near Railway Station, Dakshina Kannada",KA-MGL,STN-KA-MGL-0015,warrant,false,8,true,2021-09-12,200000,Additional Sessions Court,false,,
ARR-0000124,FIR-HBL-2021-00032,ACC-FIR-HBL-2021-00032-000,CRM-0000092,Yogesh Gowda,OFF-0001328,2021-07-14,"Near Railway Station, Hubballi-Dharwad",KA-HBL,STN-KA-HBL-0029,warrant,false,7,false,,0.0,,false,,
ARR-0000125,FIR-KLR-2021-00011,ACC-FIR-KLR-2021-00011-000,CRM-0000196,Priya Kumar,OFF-0002904,2021-07-27,"Near Bus Stand, Kolar",KA-KLR,STN-KA-KLR-0007,suo_moto,false,3,false,,0.0,,false,,
ARR-0000126,FIR-UDR-2021-00023,ACC-FIR-UDR-2021-00023-000,,Rohit Shastri,OFF-0002666,2021-08-02,"Near Market, Udupi",KA-UDR,STN-KA-UDR-0015,warrant,false,4,true,2021-08-12,100000,District Sessions Court,false,,
ARR-0000127,FIR-MYS-2021-00030,ACC-FIR-MYS-2021-00030-000,CRM-0000208,Anil Tantri,OFF-0000908,2021-07-22,"Near Highway, Mysuru",KA-MYS,STN-KA-MYS-0026,warrant,false,5,true,2021-08-01,200000,JMFC Court,false,,
ARR-0000128,FIR-KLP-2021-00036,ACC-FIR-KLP-2021-00036-000,CRM-0000030,Naveen Adiga,OFF-0001796,2021-08-17,"Near Market, Kalaburagi",KA-KLP,STN-KA-KLP-0027,suo_moto,false,14,true,2021-09-07,200000,JMFC Court,false,,
ARR-0000129,FIR-BLR-2021-00134,ACC-FIR-BLR-2021-00134-000,,Prakash Ayyar,OFF-0000490,2021-07-26,"Near Railway Station, Bengaluru Urban",KA-BLR,STN-KA-BLR-0045,warrant,false,13,false,,0.0,,false,,
ARR-0000130,FIR-KDG-2021-00001,ACC-FIR-KDG-2021-00001-000,CRM-0000017,Anita Nambiar,OFF-0002526,2021-08-14,"Near Highway, Kodagu",KA-KDG,STN-KA-KDG-0003,suo_moto,false,10,true,2021-08-29,200000,District Sessions Court,false,,
ARR-0000131,FIR-BLR2-2021-00033,ACC-FIR-BLR2-2021-00033-000,CRM-0000052,Mahesh Shastri,OFF-0003668,2021-07-25,"Near Bus Stand, Ballari",KA-BLR2,STN-KA-BLR2-0023,warrant,false,10,true,2021-09-28,25000,Additional Sessions Court,false,,
ARR-0000132,FIR-BLR2-2021-00033,ACC-FIR-BLR2-2021-00033-001,CRM-0000209,Mohan Kamath,OFF-0003668,2021-08-18,"Near Railway Station, Ballari",KA-BLR2,STN-KA-BLR2-0023,preventive,false,2,false,,0.0,,false,,
ARR-0000133,FIR-BLR2-2021-00033,ACC-FIR-BLR2-2021-00033-002,CRM-0000111,Sneha Lingayat,OFF-0003668,2021-07-27,"Near Highway, Ballari",KA-BLR2,STN-KA-BLR2-0023,preventive,false,7,true,2021-09-23,200000,Fast Track Court,false,,
ARR-0000134,FIR-HBL-2021-00034,ACC-FIR-HBL-2021-00034-000,CRM-0000241,Srikanth Shetty,OFF-0001249,2021-08-17,"Near Highway, Hubballi-Dharwad",KA-HBL,STN-KA-HBL-0017,suo_moto,true,4,false,,0.0,,false,,
ARR-0000135,FIR-HBL-2021-00037,ACC-FIR-HBL-2021-00037-000,CRM-0000012,Naveen Nambiar,OFF-0001323,2021-08-11,"Near Railway Station, Hubballi-Dharwad",KA-HBL,STN-KA-HBL-0028,suo_moto,false,12,true,2021-09-06,25000,Fast Track Court,false,,
ARR-0000136,FIR-SHV-2021-00008,ACC-FIR-SHV-2021-00008-000,CRM-0000098,Kiran Murthy,OFF-0001892,2021-08-26,"Near Bus Stand, Shivamogga",KA-SHV,STN-KA-SHV-0000,preventive,false,1,true,2021-11-09,100000,JMFC Court,false,,
ARR-0000137,FIR-BLR2-2021-00034,ACC-FIR-BLR2-2021-00034-000,CRM-0000070,Jyothi Gowda,OFF-0003558,2021-08-30,"Near Railway Station, Ballari",KA-BLR2,STN-KA-BLR2-0008,suo_moto,false,1,true,2021-11-03,25000,Fast Track Court,false,,
ARR-0000138,FIR-BLR-2021-00142,ACC-FIR-BLR-2021-00142-000,,Arjun Gowda,OFF-0000031,2021-08-09,"Near Railway Station, Bengaluru Urban",KA-BLR,STN-KA-BLR-0002,suo_moto,false,14,false,,0.0,,false,,
ARR-0000139,FIR-BLR-2021-00144,ACC-FIR-BLR-2021-00144-000,CRM-0000086,Srikanth Patil,OFF-0000623,2021-09-01,"Near Bus Stand, Bengaluru Urban",KA-BLR,STN-KA-BLR-0057,suo_moto,false,9,true,2021-09-22,100000,Fast Track Court,false,,
ARR-0000140,FIR-BLR2-2021-00038,ACC-FIR-BLR2-2021-00038-000,CRM-0000173,Geetha Adiga,OFF-0003674,2021-08-26,"Near Market, Ballari",KA-BLR2,STN-KA-BLR2-0023,suo_moto,false,13,true,2021-09-19,100000,Additional Sessions Court,false,,
ARR-0000141,FIR-TKR-2021-00005,ACC-FIR-TKR-2021-00005-000,CRM-0000178,Madhu Lingayat,OFF-0002045,2021-08-21,"Near Market, Tumakuru",KA-TKR,STN-KA-TKR-0017,preventive,false,5,true,2021-11-09,50000,Fast Track Court,false,,
ARR-0000142,FIR-BLR-2021-00146,ACC-FIR-BLR-2021-00146-000,CRM-0000113,Mohan Reddy,OFF-0000481,2021-08-29,"Near Market, Bengaluru Urban",KA-BLR,STN-KA-BLR-0044,preventive,false,3,true,2021-10-04,10000,JMFC Court,false,,
ARR-0000143,FIR-BLR-2021-00148,ACC-FIR-BLR-2021-00148-000,CRM-0000141,Sangeetha Verma,OFF-0000249,2021-08-18,"Near Market, Bengaluru Urban",KA-BLR,STN-KA-BLR-0021,preventive,false,8,false,,0.0,,true,2022-06-06,"Fine of Rs. 5,000"
ARR-0000144,FIR-BLR-2021-00149,ACC-FIR-BLR-2021-00149-000,,Geetha Pillai,OFF-0000484,2021-08-14,"Near Railway Station, Bengaluru Urban",KA-BLR,STN-KA-BLR-0044,suo_moto,false,10,true,2021-10-05,200000,Chief Judicial Magistrate Court,false,,
ARR-0000145,FIR-CKM-2021-00007,ACC-FIR-CKM-2021-00007-000,CRM-0000171,Vikram Vokkaliga,OFF-0002510,2021-08-31,"Near Railway Station, Chikkamagaluru",KA-CKM,STN-KA-CKM-0009,suo_moto,false,14,true,2021-09-22,100000,District Sessions Court,false,,
ARR-0000146,FIR-SHV-2021-00010,ACC-FIR-SHV-2021-00010-000,CRM-0000055,Bharathi Nambiar,OFF-0001916,2021-08-21,"Near Bus Stand, Shivamogga",KA-SHV,STN-KA-SHV-0006,preventive,false,10,false,,0.0,,false,,
ARR-0000147,FIR-BLG-2021-00026,ACC-FIR-BLG-2021-00026-000,CRM-0000199,Anil Prabhu,OFF-0001443,2021-09-14,"Near Highway, Belagavi",KA-BLG,STN-KA-BLG-0012,warrant,false,12,true,2021-10-26,100000,Chief Judicial Magistrate Court,false,,
ARR-0000148,FIR-BLR-2021-00155,ACC-FIR-BLR-2021-00155-000,CRM-0000220,Ajay Prabhu,OFF-0000373,2021-09-09,"Near Market, Bengaluru Urban",KA-BLR,STN-KA-BLR-0032,warrant,false,13,true,2021-10-13,25000,District Sessions Court,false,,
ARR-0000149,FIR-RBG-2021-00036,ACC-FIR-RBG-2021-00036-000,CRM-0000200,Jyothi Patil,OFF-0003725,2021-09-18,"Near Highway, Dharwad",KA-RBG,STN-KA-RBG-0001,suo_moto,false,15,true,2021-10-21,25000,Chief Judicial Magistrate Court,false,,
ARR-0000150,FIR-RBG-2021-00038,ACC-FIR-RBG-2021-00038-000,CRM-0000245,Anita Desai,OFF-0003758,2021-09-23,"Near Market, Dharwad",KA-RBG,STN-KA-RBG-0004,suo_moto,false,6,false,,0.0,,false,,
ARR-0000151,FIR-UDR-2021-00026,ACC-FIR-UDR-2021-00026-000,CRM-0000045,Shruthi Thakur,OFF-0002627,2021-09-10,"Near Highway, Udupi",KA-UDR,STN-KA-UDR-0010,preventive,false,6,true,2021-10-14,25000,JMFC Court,false,,
ARR-0000152,FIR-BLR-2021-00157,ACC-FIR-BLR-2021-00157-000,CRM-0000006,Basavaraj Nambiar,OFF-0000502,2021-09-19,"Near Market, Bengaluru Urban",KA-BLR,STN-KA-BLR-0047,suo_moto,false,14,true,2021-10-21,100000,Chief Judicial Magistrate Court,false,,
ARR-0000153,FIR-HBL-2021-00040,ACC-FIR-HBL-2021-00040-000,,Suresh Sharma,OFF-0001191,2021-09-20,"Near Highway, Hubballi-Dharwad",KA-HBL,STN-KA-HBL-0010,preventive,false,4,false,,0.0,,false,,
ARR-0000154,FIR-BLG-2021-00028,ACC-FIR-BLG-2021-00028-000,CRM-0000180,Raghavendra Joshi,OFF-0001511,2021-09-03,"Near Market, Belagavi",KA-BLG,STN-KA-BLG-0020,warrant,false,9,false,,0.0,,false,,
ARR-0000155,FIR-KLR-2021-00012,ACC-FIR-KLR-2021-00012-000,,Ravi Tantri,OFF-0002887,2021-09-11,"Near Bus Stand, Kolar",KA-KLR,STN-KA-KLR-0004,suo_moto,false,4,true,2021-09-25,50000,Fast Track Court,false,,
ARR-0000156,FIR-BLR-2021-00163,ACC-FIR-BLR-2021-00163-000,CRM-0000108,Jyothi Udupi,OFF-0000622,2021-09-26,"Near Market, Bengaluru Urban",KA-BLR,STN-KA-BLR-0057,warrant,true,3,true,2021-10-04,100000,Additional Sessions Court,false,,
ARR-0000157,FIR-MYS-2021-00035,ACC-FIR-MYS-2021-00035-000,CRM-0000083,Vikram Raju,OFF-0000832,2021-09-16,"Near Railway Station, Mysuru",KA-MYS,STN-KA-MYS-0015,preventive,false,14,false,,0.0,,false,,
ARR-0000158,FIR-BLR-2021-00164,ACC-FIR-BLR-2021-00164-000,CRM-0000196,Priya Kumar,OFF-0000512,2021-09-20,"Near Market, Bengaluru Urban",KA-BLR,STN-KA-BLR-0048,preventive,false,12,true,2021-11-07,10000,JMFC Court,false,,
ARR-0000159,FIR-MGL-2021-00035,ACC-FIR-MGL-2021-00035-000,CRM-0000145,Ganesh Verma,OFF-0001074,2021-09-13,"Near Bus Stand, Dakshina Kannada",KA-MGL,STN-KA-MGL-0020,warrant,false,4,true,2021-12-01,100000,JMFC Court,false,,
ARR-0000160,FIR-HBL-2021-00043,ACC-FIR-HBL-2021-00043-000,,Rekha Krishnamurthy,OFF-0001194,2021-09-19,"Near Railway Station, Hubballi-Dharwad",KA-HBL,STN-KA-HBL-0010,warrant,false,6,true,2021-12-13,200000,Chief Judicial Magistrate Court,false,,
ARR-0000161,FIR-MYS-2021-00037,ACC-FIR-MYS-2021-00037-000,CRM-0000002,Umesh Verma,OFF-0000833,2021-09-12,"Near Bus Stand, Mysuru",KA-MYS,STN-KA-MYS-0015,suo_moto,false,11,true,2021-10-31,100000,JMFC Court,false,,
ARR-0000162,FIR-MYS-2021-00037,ACC-FIR-MYS-2021-00037-001,CRM-0000175,Meera Krishnamurthy,OFF-0000833,2021-10-10,"Near Market, Mysuru",KA-MYS,STN-KA-MYS-0015,preventive,false,5,true,2021-10-30,50000,JMFC Court,false,,
ARR-0000163,FIR-MGL-2021-00036,ACC-FIR-MGL-2021-00036-000,CRM-0000152,Vinay Singh,OFF-0000994,2021-10-10,"Near Railway Station, Dakshina Kannada",KA-MGL,STN-KA-MGL-0008,suo_moto,false,9,true,2021-12-20,25000,Additional Sessions Court,false,,
ARR-0000164,FIR-RMN-2021-00010,ACC-FIR-RMN-2021-00010-000,CRM-0000139,Kiran Shastri,OFF-0003105,2021-10-10,"Near Railway Station, Ramanagara",KA-RMN,STN-KA-RMN-0013,warrant,false,15,true,2021-11-11,100000,JMFC Court,false,,
ARR-0000165,FIR-BLR2-2021-00045,ACC-FIR-BLR2-2021-00045-000,,Suresh Prabhu,OFF-0003524,2021-09-22,"Near Railway Station, Ballari",KA-BLR2,STN-KA-BLR2-0004,preventive,false,7,true,2021-11-03,100000,JMFC Court,false,,
ARR-0000166,FIR-KLR-2021-00013,ACC-FIR-KLR-2021-00013-000,CRM-0000169,Vinay Rao,OFF-0002875,2021-10-10,"Near Railway Station, Kolar",KA-KLR,STN-KA-KLR-0001,warrant,false,6,true,2021-11-23,25000,District Sessions Court,false,,
ARR-0000167,FIR-BLG-2021-00030,ACC-FIR-BLG-2021-00030-000,CRM-0000188,Pooja Joshi,OFF-0001484,2021-10-17,"Near Bus Stand, Belagavi",KA-BLG,STN-KA-BLG-0017,suo_moto,false,8,false,,0.0,,false,,
ARR-0000168,FIR-VKT-2021-00004,ACC-FIR-VKT-2021-00004-000,CRM-0000060,Rohit Lingayat,OFF-0003333,2021-09-24,"Near Bus Stand, Vijayanagara",KA-VKT,STN-KA-VKT-0005,suo_moto,false,15,true,2021-11-19,200000,JMFC Court,false,,
ARR-0000169,FIR-RBG-2021-00041,ACC-FIR-RBG-2021-00041-000,,Anjali Vokkaliga,OFF-0003726,2021-10-10,"Near Railway Station, Dharwad",KA-RBG,STN-KA-RBG-0001,preventive,true,15,true,2021-11-19,200000,District Sessions Court,false,,
ARR-0000170,FIR-BLR-2021-00174,ACC-FIR-BLR-2021-00174-000,CRM-0000236,Shivakumar Tantri,OFF-0000128,2021-09-25,"Near Market, Bengaluru Urban",KA-BLR,STN-KA-BLR-0011,suo_moto,false,13,true,2021-11-20,25000,JMFC Court,false,,
ARR-0000171,FIR-BLR-2021-00176,ACC-FIR-BLR-2021-00176-000,CRM-0000086,Srikanth Patil,OFF-0000316,2021-10-18,"Near Bus Stand, Bengaluru Urban",KA-BLR,STN-KA-BLR-0026,suo_moto,false,7,false,,0.0,,true,2024-02-29,2 years imprisonment
ARR-0000172,FIR-BLR2-2021-00047,ACC-FIR-BLR2-2021-00047-000,CRM-0000219,Vinay Shetty,OFF-0003537,2021-09-30,"Near Railway Station, Ballari",KA-BLR2,STN-KA-BLR2-0006,suo_moto,false,2,true,2021-11-13,100000,Fast Track Court,false,,
ARR-0000173,FIR-RBG-2021-00044,ACC-FIR-RBG-2021-00044-000,CRM-0000000,Ravi Sharma,OFF-0003791,2021-10-08,"Near Market, Dharwad",KA-RBG,STN-KA-RBG-0009,preventive,true,4,true,2021-10-30,100000,Chief Judicial Magistrate Court,false,,
ARR-0000174,FIR-BLR-2021-00178,ACC-FIR-BLR-2021-00178-000,CRM-0000203,Umesh Aras,OFF-0000461,2021-10-16,"Near Highway, Bengaluru Urban",KA-BLR,STN-KA-BLR-0042,preventive,false,14,true,2021-11-30,100000,JMFC Court,false,,
ARR-0000175,FIR-UDR-2021-00031,ACC-FIR-UDR-2021-00031-000,,Harsh Nambiar,OFF-0002631,2021-10-03,"Near Railway Station, Udupi",KA-UDR,STN-KA-UDR-0011,warrant,false,1,true,2021-11-04,50000,Fast Track Court,false,,
ARR-0000176,FIR-BLR-2021-00181,ACC-FIR-BLR-2021-00181-000,CRM-0000050,Rohit Bhat,OFF-0000035,2021-10-05,"Near Highway, Bengaluru Urban",KA-BLR,STN-KA-BLR-0002,suo_moto,false,3,true,2021-10-28,25000,Fast Track Court,false,,
ARR-0000177,FIR-DVG-2021-00006,ACC-FIR-DVG-2021-00006-000,CRM-0000193,Abhishek Krishnamurthy,OFF-0001856,2021-10-01,"Near Railway Station, Davanagere",KA-DVG,STN-KA-DVG-0010,warrant,false,12,false,,0.0,,false,,
ARR-0000178,FIR-DVG-2021-00006,ACC-FIR-DVG-2021-00006-001,CRM-0000140,Shantha Prabhu,OFF-0001856,2021-10-10,"Near Highway, Davanagere",KA-DVG,STN-KA-DVG-0010,suo_moto,false,5,false,,0.0,,false,,
ARR-0000179,FIR-BLG-2021-00032,ACC-FIR-BLG-2021-00032-000,,Rekha Prabhu,OFF-0001461,2021-10-22,"Near Railway Station, Belagavi",KA-BLG,STN-KA-BLG-0015,warrant,false,3,true,2021-11-13,50000,Chief Judicial Magistrate Court,false,,
ARR-0000180,FIR-BLR-2021-00187,ACC-FIR-BLR-2021-00187-000,,Jyothi Rao,OFF-0000381,2021-10-20,"Near Highway, Bengaluru Urban",KA-BLR,STN-KA-BLR-0033,warrant,false,5,false,,0.0,,true,2023-08-08,5 years imprisonment
ARR-0000181,FIR-UDR-2021-00034,ACC-FIR-UDR-2021-00034-000,CRM-0000212,Kavitha Hegde,OFF-0002684,2021-10-24,"Near Bus Stand, Udupi",KA-UDR,STN-KA-UDR-0017,preventive,false,13,false,,0.0,,true,2023-11-18,Life imprisonment
ARR-0000182,FIR-TKR-2021-00007,ACC-FIR-TKR-2021-00007-000,CRM-0000178,Madhu Lingayat,OFF-0001980,2021-10-19,"Near Highway, Tumakuru",KA-TKR,STN-KA-TKR-0002,suo_moto,false,1,true,2021-12-20,10000,Chief Judicial Magistrate Court,false,,
ARR-0000183,FIR-RBG-2021-00045,ACC-FIR-RBG-2021-00045-000,,Anil Swamy,OFF-0003761,2021-10-04,"Near Highway, Dharwad",KA-RBG,STN-KA-RBG-0004,preventive,false,12,true,2021-12-12,100000,District Sessions Court,false,,
ARR-0000184,FIR-MYS-2021-00039,ACC-FIR-MYS-2021-00039-000,CRM-0000075,Anjali Vokkaliga,OFF-0000891,2021-10-23,"Near Railway Station, Mysuru",KA-MYS,STN-KA-MYS-0023,suo_moto,false,9,true,2021-11-17,10000,District Sessions Court,false,,
ARR-0000185,FIR-KLP-2021-00044,ACC-FIR-KLP-2021-00044-000,CRM-0000233,Nitya Pillai,OFF-0001608,2021-10-29,"Near Market, Kalaburagi",KA-KLP,STN-KA-KLP-0003,suo_moto,false,8,false,,0.0,,false,,
ARR-0000186,FIR-MYS-2021-00040,ACC-FIR-MYS-2021-00040-000,CRM-0000216,Sandeep Sharma,OFF-0000752,2021-11-01,"Near Bus Stand, Mysuru",KA-MYS,STN-KA-MYS-0002,warrant,false,2,true,2021-12-04,50000,Additional Sessions Court,false,,
ARR-0000187,FIR-HBL-2021-00050,ACC-FIR-HBL-2021-00050-000,,Satish Gowda,OFF-0001231,2021-10-31,"Near Market, Hubballi-Dharwad",KA-HBL,STN-KA-HBL-0014,warrant,false,8,false,,0.0,,false,,
ARR-0000188,FIR-HSN-2021-00003,ACC-FIR-HSN-2021-00003-000,CRM-0000245,Anita Desai,OFF-0002375,2021-10-12,"Near Market, Hassan",KA-HSN,STN-KA-HSN-0001,suo_moto,false,11,true,2021-12-06,25000,Fast Track Court,false,,
ARR-0000189,FIR-UDR-2021-00036,ACC-FIR-UDR-2021-00036-000,CRM-0000053,Ravi Aras,OFF-0002684,2021-10-17,"Near Railway Station, Udupi",KA-UDR,STN-KA-UDR-0017,suo_moto,false,11,true,2021-11-03,200000,Chief Judicial Magistrate Court,false,,
ARR-0000190,FIR-KLP-2021-00047,ACC-FIR-KLP-2021-00047-000,CRM-0000016,Vinay Vokkaliga,OFF-0001789,2021-11-09,"Near Railway Station, Kalaburagi",KA-KLP,STN-KA-KLP-0026,preventive,false,6,false,,0.0,,false,,
ARR-0000191,FIR-KLP-2021-00048,ACC-FIR-KLP-2021-00048-000,CRM-0000030,Naveen Adiga,OFF-0001792,2021-11-08,"Near Bus Stand, Kalaburagi",KA-KLP,STN-KA-KLP-0026,preventive,false,3,true,2021-11-28,200000,Fast Track Court,false,,
ARR-0000192,FIR-RCR-2021-00011,ACC-FIR-RCR-2021-00011-000,CRM-0000063,Amala Thakur,OFF-0002098,2021-10-26,"Near Highway, Raichur",KA-RCR,STN-KA-RCR-0008,warrant,false,10,true,2021-11-16,10000,Chief Judicial Magistrate Court,false,,
ARR-0000193,FIR-MGL-2021-00044,ACC-FIR-MGL-2021-00044-000,CRM-0000154,Sneha Lingayat,OFF-0001010,2021-11-11,"Near Railway Station, Dakshina Kannada",KA-MGL,STN-KA-MGL-0011,preventive,false,12,true,2022-01-25,100000,Fast Track Court,false,,
ARR-0000194,FIR-BLR-2021-00196,ACC-FIR-BLR-2021-00196-000,,Ravi Reddy,OFF-0000276,2021-11-11,"Near Railway Station, Bengaluru Urban",KA-BLR,STN-KA-BLR-0023,suo_moto,false,15,true,2022-01-25,50000,Fast Track Court,false,,
ARR-0000195,FIR-BLR-2021-00197,ACC-FIR-BLR-2021-00197-000,,Mohan Swamy,OFF-0000455,2021-11-07,"Near Highway, Bengaluru Urban",KA-BLR,STN-KA-BLR-0041,preventive,false,14,true,2021-12-10,200000,Additional Sessions Court,false,,
ARR-0000196,FIR-HBL-2021-00055,ACC-FIR-HBL-2021-00055-000,,Suma Bhat,OFF-0001230,2021-10-29,"Near Bus Stand, Hubballi-Dharwad",KA-HBL,STN-KA-HBL-0014,preventive,false,6,false,,0.0,,true,2024-02-17,6 months imprisonment
ARR-0000197,FIR-RBG-2021-00049,ACC-FIR-RBG-2021-00049-000,CRM-0000056,Jyothi Udupi,OFF-0003782,2021-11-07,"Near Market, Dharwad",KA-RBG,STN-KA-RBG-0008,warrant,false,7,false,,0.0,,false,,
ARR-0000198,FIR-BLG-2021-00038,ACC-FIR-BLG-2021-00038-000,CRM-0000188,Pooja Joshi,OFF-0001368,2021-10-30,"Near Railway Station, Belagavi",KA-BLG,STN-KA-BLG-0006,warrant,false,1,false,,0.0,,false,,
ARR-0000199,FIR-BLG-2021-00038,ACC-FIR-BLG-2021-00038-001,CRM-0000175,Meera Krishnamurthy,OFF-0001368,2021-10-27,"Near Market, Belagavi",KA-BLG,STN-KA-BLG-0006,warrant,false,10,true,2021-12-16,50000,JMFC Court,false,,
ARR-0000200,FIR-UDR-2021-00038,ACC-FIR-UDR-2021-00038-000,CRM-0000006,Basavaraj Nambiar,OFF-0002710,2021-10-26,"Near Highway, Udupi",KA-UDR,STN-KA-UDR-0021,warrant,false,9,false,,0.0,,false,,
ARR-0000201,FIR-BLR-2021-00202,ACC-FIR-BLR-2021-00202-000,CRM-0000193,Abhishek Krishnamurthy,OFF-0000055,2021-11-06,"Near Market, Bengaluru Urban",KA-BLR,STN-KA-BLR-0004,suo_moto,false,8,true,2021-12-16,25000,Chief Judicial Magistrate Court,false,,
ARR-0000202,FIR-BLR-2021-00202,ACC-FIR-BLR-2021-00202-001,CRM-0000140,Shantha Prabhu,OFF-0000055,2021-11-22,"Near Market, Bengaluru Urban",KA-BLR,STN-KA-BLR-0004,suo_moto,false,14,true,2022-02-06,100000,Additional Sessions Court,false,,
ARR-0000203,FIR-BLG-2021-00039,ACC-FIR-BLG-2021-00039-000,CRM-0000162,Satish Aras,OFF-0001445,2021-11-03,"Near Market, Belagavi",KA-BLG,STN-KA-BLG-0013,suo_moto,false,12,false,,0.0,,false,,
ARR-0000204,FIR-UDR-2021-00039,ACC-FIR-UDR-2021-00039-000,CRM-0000053,Ravi Aras,OFF-0002678,2021-11-06,"Near Market, Udupi",KA-UDR,STN-KA-UDR-0016,preventive,false,10,true,2022-01-04,100000,Chief Judicial Magistrate Court,false,,
ARR-0000205,FIR-CHB-2021-00010,ACC-FIR-CHB-2021-00010-000,CRM-0000113,Mohan Reddy,OFF-0003031,2021-11-24,"Near Highway, Chikkaballapura",KA-CHB,STN-KA-CHB-0015,warrant,false,8,true,2022-02-10,200000,JMFC Court,false,,
ARR-0000206,FIR-RBG-2021-00053,ACC-FIR-RBG-2021-00053-000,CRM-0000211,Prashanth Adiga,OFF-0003910,2021-10-30,"Near Railway Station, Dharwad",KA-RBG,STN-KA-RBG-0023,suo_moto,false,9,true,2021-12-19,10000,Chief Judicial Magistrate Court,false,,
ARR-0000207,FIR-KLP-2021-00051,ACC-FIR-KLP-2021-00051-000,CRM-0000092,Yogesh Gowda,OFF-0001728,2021-11-18,"Near Highway, Kalaburagi",KA-KLP,STN-KA-KLP-0019,suo_moto,false,3,false,,0.0,,false,,
ARR-0000208,FIR-UDR-2021-00040,ACC-FIR-UDR-2021-00040-000,CRM-0000006,Basavaraj Nambiar,OFF-0002699,2021-11-01,"Near Highway, Udupi",KA-UDR,STN-KA-UDR-0020,suo_moto,false,15,true,2021-11-15,200000,JMFC Court,false,,
ARR-0000209,FIR-BLR-2021-00207,ACC-FIR-BLR-2021-00207-000,CRM-0000097,Akash Adiga,OFF-0000386,2021-11-21,"Near Railway Station, Bengaluru Urban",KA-BLR,STN-KA-BLR-0034,preventive,false,15,false,,0.0,,false,,
ARR-0000210,FIR-BLRR-2021-00007,ACC-FIR-BLRR-2021-00007-000,CRM-0000174,Nitya Rao,OFF-0000648,2021-11-16,"Near Railway Station, Bengaluru Rural",KA-BLR-R,STN-KA-BLR-R-0000,preventive,false,4,true,2022-01-23,100000,District Sessions Court,false,,
ARR-0000211,FIR-BLG-2021-00042,ACC-FIR-BLG-2021-00042-000,CRM-0000205,Anita Vokkaliga,OFF-0001527,2021-11-07,"Near Railway Station, Belagavi",KA-BLG,STN-KA-BLG-0022,suo_moto,false,2,false,,0.0,,false,,
ARR-0000212,FIR-HSN-2021-00004,ACC-FIR-HSN-2021-00004-000,,Ravi Aras,OFF-0002405,2021-11-29,"Near Railway Station, Hassan",KA-HSN,STN-KA-HSN-0007,warrant,false,4,true,2021-12-19,100000,JMFC Court,false,,
ARR-0000213,FIR-BLR2-2021-00057,ACC-FIR-BLR2-2021-00057-000,CRM-0000103,Shivakumar Shetty,OFF-0003586,2021-11-14,"Near Railway Station, Ballari",KA-BLR2,STN-KA-BLR2-0013,warrant,false,14,true,2022-01-25,200000,JMFC Court,false,,
ARR-0000214,FIR-BLR2-2021-00057,ACC-FIR-BLR2-2021-00057-001,CRM-0000209,Mohan Kamath,OFF-0003586,2021-11-13,"Near Highway, Ballari",KA-BLR2,STN-KA-BLR2-0013,preventive,false,8,true,2021-12-18,25000,District Sessions Court,false,,
ARR-0000215,FIR-DVG-2021-00007,ACC-FIR-DVG-2021-00007-000,,Kiran Nambiar,OFF-0001829,2021-12-03,"Near Highway, Davanagere",KA-DVG,STN-KA-DVG-0004,preventive,false,9,false,,0.0,,false,,
ARR-0000216,FIR-BLR-2021-00212,ACC-FIR-BLR-2021-00212-000,CRM-0000230,Amala Shastri,OFF-0000547,2021-11-20,"Near Market, Bengaluru Urban",KA-BLR,STN-KA-BLR-0051,suo_moto,false,3,true,2022-01-31,200000,JMFC Court,false,,
ARR-0000217,FIR-BLR2-2021-00058,ACC-FIR-BLR2-2021-00058-000,CRM-0000237,Shantha Prabhu,OFF-0003600,2021-12-01,"Near Market, Ballari",KA-BLR2,STN-KA-BLR2-0017,suo_moto,false,1,false,,0.0,,false,,
ARR-0000218,FIR-BLR2-2021-00060,ACC-FIR-BLR2-2021-00060-000,CRM-0000243,Suma Joshi,OFF-0003531,2021-11-14,"Near Market, Ballari",KA-BLR2,STN-KA-BLR2-0005,suo_moto,false,14,true,2022-01-21,50000,JMFC Court,false,,
ARR-0000219,FIR-BLR-2021-00213,ACC-FIR-BLR-2021-00213-000,CRM-0000195,Raghavendra Reddy,OFF-0000554,2021-12-04,"Near Bus Stand, Bengaluru Urban",KA-BLR,STN-KA-BLR-0051,preventive,false,15,true,2022-02-22,10000,Additional Sessions Court,false,,
ARR-0000220,FIR-MYS-2021-00043,ACC-FIR-MYS-2021-00043-000,CRM-0000193,Abhishek Krishnamurthy,OFF-0000771,2021-12-04,"Near Bus Stand, Mysuru",KA-MYS,STN-KA-MYS-0005,suo_moto,false,10,false,,0.0,,false,,
ARR-0000221,FIR-MYS-2021-00043,ACC-FIR-MYS-2021-00043-001,CRM-0000140,Shantha Prabhu,OFF-0000771,2021-12-09,"Near Market, Mysuru",KA-MYS,STN-KA-MYS-0005,warrant,false,7,true,2022-03-06,100000,Fast Track Court,false,,
ARR-0000222,FIR-BLR-2021-00216,ACC-FIR-BLR-2021-00216-000,CRM-0000151,Anita Joshi,OFF-0000606,2021-12-08,"Near Market, Bengaluru Urban",KA-BLR,STN-KA-BLR-0055,warrant,false,2,false,,0.0,,false,,
ARR-0000223,FIR-BLR-2021-00219,ACC-FIR-BLR-2021-00219-000,CRM-0000120,Shantha Swamy,OFF-0000031,2021-12-09,"Near Railway Station, Bengaluru Urban",KA-BLR,STN-KA-BLR-0002,warrant,false,9,false,,0.0,,false,,
ARR-0000224,FIR-BDR-2021-00016,ACC-FIR-BDR-2021-00016-000,CRM-0000227,Umesh Kamath,OFF-0002164,2021-12-11,"Near Highway, Bidar",KA-BDR,STN-KA-BDR-0001,preventive,false,13,true,2022-02-12,25000,JMFC Court,false,,
ARR-0000225,FIR-MGL-2021-00048,ACC-FIR-MGL-2021-00048-000,CRM-0000044,Amala Naik,OFF-0000979,2021-11-27,"Near Bus Stand, Dakshina Kannada",KA-MGL,STN-KA-MGL-0005,warrant,false,1,true,2022-02-03,25000,JMFC Court,false,,
ARR-0000226,FIR-BLR-2021-00223,ACC-FIR-BLR-2021-00223-000,CRM-0000123,Manjunath Pillai,OFF-0000117,2021-12-09,"Near Market, Bengaluru Urban",KA-BLR,STN-KA-BLR-0009,warrant,false,4,true,2022-01-31,25000,JMFC Court,false,,
ARR-0000227,FIR-KLP-2021-00054,ACC-FIR-KLP-2021-00054-000,CRM-0000167,Akash Vokkaliga,OFF-0001742,2021-12-11,"Near Highway, Kalaburagi",KA-KLP,STN-KA-KLP-0020,warrant,false,7,false,,0.0,,false,,
ARR-0000228,FIR-MYS-2021-00048,ACC-FIR-MYS-2021-00048-000,CRM-0000002,Umesh Verma,OFF-0000890,2021-12-24,"Near Market, Mysuru",KA-MYS,STN-KA-MYS-0023,suo_moto,false,7,true,2022-02-28,10000,Chief Judicial Magistrate Court,false,,
ARR-0000229,FIR-BLR-2021-00227,ACC-FIR-BLR-2021-00227-000,,Deepa Pillai,OFF-0000401,2021-12-08,"Near Bus Stand, Bengaluru Urban",KA-BLR,STN-KA-BLR-0035,suo_moto,false,8,true,2021-12-28,25000,Fast Track Court,false,,
ARR-0000230,FIR-MGL-2021-00051,ACC-FIR-MGL-2021-00051-000,CRM-0000216,Sandeep Sharma,OFF-0000935,2021-12-02,"Near Highway, Dakshina Kannada",KA-MGL,STN-KA-MGL-0000,suo_moto,false,5,false,,0.0,,false,,
ARR-0000231,FIR-BLR-2021-00232,ACC-FIR-BLR-2021-00232-000,CRM-0000134,Akash Thakur,OFF-0000274,2021-12-10,"Near Highway, Bengaluru Urban",KA-BLR,STN-KA-BLR-0023,suo_moto,false,9,true,2022-02-28,10000,Chief Judicial Magistrate Court,false,,
ARR-0000232,FIR-CKM-2021-00009,ACC-FIR-CKM-2021-00009-000,CRM-0000086,Srikanth Patil,OFF-0002510,2021-12-20,"Near Bus Stand, Chikkamagaluru",KA-CKM,STN-KA-CKM-0009,preventive,false,8,true,2021-12-30,200000,Fast Track Court,false,,
ARR-0000233,FIR-KLP-2021-00057,ACC-FIR-KLP-2021-00057-000,,Naveen Kamath,OFF-0001607,2021-12-11,"Near Highway, Kalaburagi",KA-KLP,STN-KA-KLP-0003,warrant,false,11,true,2022-01-15,200000,JMFC Court,false,,
ARR-0000234,FIR-HBL-2021-00064,ACC-FIR-HBL-2021-00064-000,CRM-0000122,Swathi Verma,OFF-0001176,2021-12-11,"Near Highway, Hubballi-Dharwad",KA-HBL,STN-KA-HBL-0007,preventive,false,2,false,,0.0,,false,,
ARR-0000235,FIR-CHB-2021-00014,ACC-FIR-CHB-2021-00014-000,,Satish Shetty,OFF-0002951,2021-12-21,"Near Highway, Chikkaballapura",KA-CHB,STN-KA-CHB-0000,preventive,false,3,false,,0.0,,false,,
ARR-0000236,FIR-MGL-2021-00055,ACC-FIR-MGL-2021-00055-000,CRM-0000160,Anita Bhat,OFF-0000986,2021-12-28,"Near Railway Station, Dakshina Kannada",KA-MGL,STN-KA-MGL-0006,suo_moto,false,12,false,,0.0,,false,,
ARR-0000237,FIR-MGL-2021-00056,ACC-FIR-MGL-2021-00056-000,CRM-0000160,Anita Bhat,OFF-0001121,2021-12-28,"Near Highway, Dakshina Kannada",KA-MGL,STN-KA-MGL-0028,warrant,false,7,true,2022-03-21,50000,Additional Sessions Court,false,,
ARR-0000238,FIR-BLR2-2021-00064,ACC-FIR-BLR2-2021-00064-000,CRM-0000074,Ravi Thakur,OFF-0003503,2021-12-11,"Near Bus Stand, Ballari",KA-BLR2,STN-KA-BLR2-0002,preventive,false,13,false,,0.0,,true,2023-10-27,7 years imprisonment
ARR-0000239,FIR-BLG-2021-00046,ACC-FIR-BLG-2021-00046-000,CRM-0000180,Raghavendra Joshi,OFF-0001489,2021-12-21,"Near Highway, Belagavi",KA-BLG,STN-KA-BLG-0018,warrant,false,8,true,2022-02-14,50000,Fast Track Court,false,,
ARR-0000240,FIR-HBL-2021-00065,ACC-FIR-HBL-2021-00065-000,CRM-0000044,Amala Naik,OFF-0001203,2021-12-30,"Near Highway, Hubballi-Dharwad",KA-HBL,STN-KA-HBL-0011,suo_moto,false,4,false,,0.0,,false,,
ARR-0000241,FIR-HBL-2021-00066,ACC-FIR-HBL-2021-00066-000,CRM-0000020,Sujatha Raju,OFF-0001195,2022-01-04,"Near Railway Station, Hubballi-Dharwad",KA-HBL,STN-KA-HBL-0010,suo_moto,true,9,false,,0.0,,false,,
ARR-0000242,FIR-BLR-2021-00236,ACC-FIR-BLR-2021-00236-000,CRM-0000142,Manjunath Shetty,OFF-0000590,2022-01-01,"Near Highway, Bengaluru Urban",KA-BLR,STN-KA-BLR-0054,suo_moto,false,1,true,2022-01-25,100000,Fast Track Court,false,,
ARR-0000243,FIR-UDR-2021-00043,ACC-FIR-UDR-2021-00043-000,CRM-0000006,Basavaraj Nambiar,OFF-0002713,2022-01-03,"Near Bus Stand, Udupi",KA-UDR,STN-KA-UDR-0022,suo_moto,false,6,false,,0.0,,false,,
ARR-0000244,FIR-CHT-2021-00008,ACC-FIR-CHT-2021-00008-000,CRM-0000138,Lakshmi Kumar,OFF-0002828,2021-12-20,"Near Railway Station, Chamarajanagara",KA-CHT,STN-KA-CHT-0000,suo_moto,false,6,true,2022-01-03,10000,Additional Sessions Court,false,,
ARR-0000245,FIR-BLR-2021-00238,ACC-FIR-BLR-2021-00238-000,CRM-0000135,Kavitha Desai,OFF-0000326,2021-12-21,"Near Highway, Bengaluru Urban",KA-BLR,STN-KA-BLR-0027,suo_moto,false,15,true,2021-12-28,100000,Additional Sessions Court,false,,
ARR-0000246,FIR-BLR-2021-00241,ACC-FIR-BLR-2021-00241-000,CRM-0000134,Akash Thakur,OFF-0000520,2021-12-31,"Near Market, Bengaluru Urban",KA-BLR,STN-KA-BLR-0049,preventive,false,1,false,,0.0,,false,,
ARR-0000247,FIR-BLR-2021-00242,ACC-FIR-BLR-2021-00242-000,CRM-0000173,Geetha Adiga,OFF-0000404,2022-01-02,"Near Railway Station, Bengaluru Urban",KA-BLR,STN-KA-BLR-0035,warrant,false,15,false,,0.0,,false,,
ARR-0000248,FIR-BLR-2021-00242,ACC-FIR-BLR-2021-00242-001,CRM-0000209,Mohan Kamath,OFF-0000404,2021-12-16,"Near Bus Stand, Bengaluru Urban",KA-BLR,STN-KA-BLR-0035,preventive,false,14,true,2022-02-24,50000,Fast Track Court,false,,
ARR-0000249,FIR-RBG-2021-00062,ACC-FIR-RBG-2021-00062-000,CRM-0000101,Kiran Kumar,OFF-0003900,2022-01-02,"Near Bus Stand, Dharwad",KA-RBG,STN-KA-RBG-0022,preventive,false,6,true,2022-03-12,200000,Additional Sessions Court,false,,
ARR-0000250,FIR-BLR-2021-00243,ACC-FIR-BLR-2021-00243-000,CRM-0000216,Sandeep Sharma,OFF-0000416,2021-12-18,"Near Bus Stand, Bengaluru Urban",KA-BLR,STN-KA-BLR-0037,preventive,false,2,true,2022-01-27,50000,Additional Sessions Court,false,,
ARR-0000251,FIR-BLR-2021-00244,ACC-FIR-BLR-2021-00244-000,CRM-0000105,Amala Shetty,OFF-0000067,2022-01-06,"Near Bus Stand, Bengaluru Urban",KA-BLR,STN-KA-BLR-0005,warrant,false,8,true,2022-03-24,10000,Chief Judicial Magistrate Court,false,,
ARR-0000252,FIR-KLP-2021-00061,ACC-FIR-KLP-2021-00061-000,CRM-0000217,Madhu Adiga,OFF-0001717,2021-12-17,"Near Market, Kalaburagi",KA-KLP,STN-KA-KLP-0018,suo_moto,false,10,false,,0.0,,false,,
ARR-0000253,FIR-RBG-2021-00063,ACC-FIR-RBG-2021-00063-000,CRM-0000172,Sujatha Vokkaliga,OFF-0003947,2022-01-02,"Near Market, Dharwad",KA-RBG,STN-KA-RBG-0029,preventive,false,11,false,,0.0,,false,,
ARR-0000254,FIR-BLG-2021-00048,ACC-FIR-BLG-2021-00048-000,CRM-0000180,Raghavendra Joshi,OFF-0001572,2022-01-01,"Near Bus Stand, Belagavi",KA-BLG,STN-KA-BLG-0027,preventive,false,9,true,2022-02-17,50000,Additional Sessions Court,false,,
ARR-0000255,FIR-BLR-2021-00245,ACC-FIR-BLR-2021-00245-000,CRM-0000014,Kiran Reddy,OFF-0000597,2021-12-22,"Near Highway, Bengaluru Urban",KA-BLR,STN-KA-BLR-0054,preventive,false,3,true,2022-02-16,100000,Additional Sessions Court,false,,
ARR-0000256,FIR-MYS-2021-00054,ACC-FIR-MYS-2021-00054-000,,Madhu Tantri,OFF-0000816,2021-12-21,"Near Bus Stand, Mysuru",KA-MYS,STN-KA-MYS-0012,preventive,false,1,false,,0.0,,true,2023-12-15,"Fine of Rs. 5,000"
ARR-0000257,FIR-VKT-2021-00007,ACC-FIR-VKT-2021-00007-000,,Sangeetha Ayyar,OFF-0003368,2022-01-09,"Near Highway, Vijayanagara",KA-VKT,STN-KA-VKT-0012,preventive,false,1,true,2022-01-21,10000,Chief Judicial Magistrate Court,false,,
ARR-0000258,FIR-MGL-2021-00059,ACC-FIR-MGL-2021-00059-000,CRM-0000053,Ravi Aras,OFF-0000955,2021-12-29,"Near Bus Stand, Dakshina Kannada",KA-MGL,STN-KA-MGL-0002,warrant,false,5,true,2022-01-18,50000,Chief Judicial Magistrate Court,false,,
ARR-0000259,FIR-CKM-2021-00011,ACC-FIR-CKM-2021-00011-000,CRM-0000159,Priya Verma,OFF-0002510,2022-01-03,"Near Bus Stand, Chikkamagaluru",KA-CKM,STN-KA-CKM-0009,preventive,false,3,true,2022-03-10,200000,Chief Judicial Magistrate Court,false,,
ARR-0000260,FIR-BLR2-2021-00068,ACC-FIR-BLR2-2021-00068-000,CRM-0000037,Sujatha Tantri,OFF-0003605,2021-12-24,"Near Bus Stand, Ballari",KA-BLR2,STN-KA-BLR2-0017,warrant,false,10,false,,0.0,,false,,
ARR-0000261,FIR-BLR2-2021-00068,ACC-FIR-BLR2-2021-00068-001,CRM-0000209,Mohan Kamath,OFF-0003605,2021-12-24,"Near Bus Stand, Ballari",KA-BLR2,STN-KA-BLR2-0017,preventive,false,12,true,2022-02-11,50000,Fast Track Court,false,,
ARR-0000262,FIR-BLR2-2021-00068,ACC-FIR-BLR2-2021-00068-002,CRM-0000111,Sneha Lingayat,OFF-0003605,2022-01-04,"Near Railway Station, Ballari",KA-BLR2,STN-KA-BLR2-0017,warrant,false,5,false,,0.0,,true,2022-12-22,1 year imprisonment
ARR-0000263,FIR-BLR-2021-00248,ACC-FIR-BLR-2021-00248-000,CRM-0000091,Prakash Kumar,OFF-0000063,2022-01-14,"Near Bus Stand, Bengaluru Urban",KA-BLR,STN-KA-BLR-0005,preventive,false,15,false,,0.0,,false,,
ARR-0000264,FIR-BLR-2021-00249,ACC-FIR-BLR-2021-00249-000,CRM-0000135,Kavitha Desai,OFF-0000491,2022-01-01,"Near Highway, Bengaluru Urban",KA-BLR,STN-KA-BLR-0045,warrant,false,10,false,,0.0,,false,,
ARR-0000265,FIR-KLR-2021-00014,ACC-FIR-KLR-2021-00014-000,CRM-0000224,Abhishek Adiga,OFF-0002908,2022-01-21,"Near Market, Kolar",KA-KLR,STN-KA-KLR-0008,preventive,false,7,true,2022-03-05,100000,Additional Sessions Court,false,,
ARR-0000266,FIR-MYS-2021-00056,ACC-FIR-MYS-2021-00056-000,CRM-0000033,Ganesh Murthy,OFF-0000787,2022-01-23,"Near Highway, Mysuru",KA-MYS,STN-KA-MYS-0008,warrant,false,13,true,2022-03-17,100000,Fast Track Court,false,,
ARR-0000267,FIR-BLR-2021-00251,ACC-FIR-BLR-2021-00251-000,CRM-0000109,Sangeetha Thakur,OFF-0000248,2021-12-31,"Near Market, Bengaluru Urban",KA-BLR,STN-KA-BLR-0020,suo_moto,false,5,true,2022-01-27,50000,District Sessions Court,false,,
ARR-0000268,FIR-MGL-2021-00062,ACC-FIR-MGL-2021-00062-000,CRM-0000178,Madhu Lingayat,OFF-0000955,2022-01-06,"Near Highway, Dakshina Kannada",KA-MGL,STN-KA-MGL-0002,suo_moto,false,6,false,,0.0,,false,,
ARR-0000269,FIR-BLR-2021-00253,ACC-FIR-BLR-2021-00253-000,,Harsh Joshi,OFF-0000024,2021-12-30,"Near Highway, Bengaluru Urban",KA-BLR,STN-KA-BLR-0001,suo_moto,false,14,false,,0.0,,false,,
ARR-0000270,FIR-RBG-2021-00065,ACC-FIR-RBG-2021-00065-000,,Abhishek Raju,OFF-0003740,2022-01-12,"Near Market, Dharwad",KA-RBG,STN-KA-RBG-0002,suo_moto,false,5,true,2022-03-24,100000,Fast Track Court,false,,
ARR-0000271,FIR-BDR-2021-00017,ACC-FIR-BDR-2021-00017-000,CRM-0000143,Yogesh Nayak,OFF-0002160,2022-01-16,"Near Bus Stand, Bidar",KA-BDR,STN-KA-BDR-0000,suo_moto,false,15,true,2022-04-10,100000,Chief Judicial Magistrate Court,false,,
ARR-0000272,FIR-BLR-2022-00001,ACC-FIR-BLR-2022-00001-000,,Kiran Krishnamurthy,OFF-0000510,2022-01-13,"Near Railway Station, Bengaluru Urban",KA-BLR,STN-KA-BLR-0047,warrant,false,12,true,2022-04-06,200000,Fast Track Court,false,,
ARR-0000273,FIR-RCR-2022-00001,ACC-FIR-RCR-2022-00001-000,,Sandeep Aras,OFF-0002094,2022-01-05,"Near Highway, Raichur",KA-RCR,STN-KA-RCR-0007,preventive,false,4,true,2022-03-06,100000,District Sessions Court,false,,
ARR-0000274,FIR-BLR2-2022-00002,ACC-FIR-BLR2-2022-00002-000,CRM-0000114,Anil Shastri,OFF-0003597,2022-01-27,"Near Highway, Ballari",KA-BLR2,STN-KA-BLR2-0016,preventive,false,14,true,2022-03-30,50000,District Sessions Court,false,,
ARR-0000275,FIR-MYS-2022-00001,ACC-FIR-MYS-2022-00001-000,CRM-0000021,Satish Sharma,OFF-0000789,2022-01-21,"Near Highway, Mysuru",KA-MYS,STN-KA-MYS-0009,suo_moto,false,1,false,,0.0,,false,,
ARR-0000276,FIR-HBL-2022-00006,ACC-FIR-HBL-2022-00006-000,CRM-0000199,Anil Prabhu,OFF-0001272,2022-01-14,"Near Bus Stand, Hubballi-Dharwad",KA-HBL,STN-KA-HBL-0020,preventive,false,9,true,2022-02-22,25000,Fast Track Court,false,,
ARR-0000277,FIR-BLR-2022-00007,ACC-FIR-BLR-2022-00007-000,CRM-0000186,Saritha Thakur,OFF-0000196,2022-02-10,"Near Market, Bengaluru Urban",KA-BLR,STN-KA-BLR-0016,preventive,false,6,false,,0.0,,true,2023-02-07,Life imprisonment
ARR-0000278,FIR-BLR-2022-00008,ACC-FIR-BLR-2022-00008-000,CRM-0000011,Bharathi Patil,OFF-0000369,2022-01-14,"Near Railway Station, Bengaluru Urban",KA-BLR,STN-KA-BLR-0032,preventive,false,5,true,2022-04-03,100000,JMFC Court,false,,
ARR-0000279,FIR-HBL-2022-00008,ACC-FIR-HBL-2022-00008-000,CRM-0000190,Sandeep Lingayat,OFF-0001142,2022-02-13,"Near Highway, Hubballi-Dharwad",KA-HBL,STN-KA-HBL-0001,warrant,false,2,true,2022-03-26,100000,Fast Track Court,false,,
ARR-0000280,FIR-BLR-2022-00009,ACC-FIR-BLR-2022-00009-000,CRM-0000006,Basavaraj Nambiar,OFF-0000448,2022-01-20,"Near Railway Station, Bengaluru Urban",KA-BLR,STN-KA-BLR-0040,suo_moto,false,4,true,2022-03-10,10000,JMFC Court,false,,
ARR-0000281,FIR-BLR-2022-00010,ACC-FIR-BLR-2022-00010-000,CRM-0000203,Umesh Aras,OFF-0000222,2022-01-26,"Near Market, Bengaluru Urban",KA-BLR,STN-KA-BLR-0018,suo_moto,false,15,false,,0.0,,false,,
ARR-0000282,FIR-BLR2-2022-00005,ACC-FIR-BLR2-2022-00005-000,CRM-0000111,Sneha Lingayat,OFF-0003535,2022-02-14,"Near Bus Stand, Ballari",KA-BLR2,STN-KA-BLR2-0006,warrant,false,2,false,,0.0,,false,,
ARR-0000283,FIR-BLG-2022-00001,ACC-FIR-BLG-2022-00001-000,,Amala Raju,OFF-0001568,2022-01-26,"Near Highway, Belagavi",KA-BLG,STN-KA-BLG-0027,preventive,false,3,true,2022-02-09,25000,District Sessions Court,false,,
ARR-0000284,FIR-BLR2-2022-00006,ACC-FIR-BLR2-2022-00006-000,CRM-0000019,Anil Murthy,OFF-0003691,2022-01-31,"Near Railway Station, Ballari",KA-BLR2,STN-KA-BLR2-0026,warrant,false,3,true,2022-03-10,25000,Chief Judicial Magistrate Court,false,,
ARR-0000285,FIR-MYS-2022-00002,ACC-FIR-MYS-2022-00002-000,,Vikram Swamy,OFF-0000867,2022-01-27,"Near Railway Station, Mysuru",KA-MYS,STN-KA-MYS-0020,warrant,false,15,true,2022-03-30,50000,Fast Track Court,false,,
ARR-0000286,FIR-BLR-2022-00015,ACC-FIR-BLR-2022-00015-000,CRM-0000142,Manjunath Shetty,OFF-0000114,2022-02-06,"Near Highway, Bengaluru Urban",KA-BLR,STN-KA-BLR-0009,warrant,false,9,true,2022-03-01,25000,JMFC Court,false,,
ARR-0000287,FIR-MYS-2022-00004,ACC-FIR-MYS-2022-00004-000,CRM-0000000,Ravi Sharma,OFF-0000769,2022-02-19,"Near Railway Station, Mysuru",KA-MYS,STN-KA-MYS-0005,suo_moto,true,5,true,2022-03-09,200000,JMFC Court,false,,
ARR-0000288,FIR-BLR-2022-00018,ACC-FIR-BLR-2022-00018-000,,Mahesh Gowda,OFF-0000172,2022-02-03,"Near Railway Station, Bengaluru Urban",KA-BLR,STN-KA-BLR-0014,preventive,false,3,false,,0.0,,false,,
ARR-0000289,FIR-BLR-2022-00019,ACC-FIR-BLR-2022-00019-000,CRM-0000096,Sandeep Aras,OFF-0000083,2022-02-12,"Near Bus Stand, Bengaluru Urban",KA-BLR,STN-KA-BLR-0006,suo_moto,false,13,false,,0.0,,true,2023-11-10,Rigorous imprisonment 3 years
ARR-0000290,FIR-HBL-2022-00009,ACC-FIR-HBL-2022-00009-000,CRM-0000038,Ganesh Bhat,OFF-0001329,2022-02-16,"Near Market, Hubballi-Dharwad",KA-HBL,STN-KA-HBL-0029,suo_moto,false,2,true,2022-04-14,50000,Fast Track Court,false,,
ARR-0000291,FIR-BLR2-2022-00009,ACC-FIR-BLR2-2022-00009-000,CRM-0000112,Seeta Shetty,OFF-0003669,2022-02-21,"Near Highway, Ballari",KA-BLR2,STN-KA-BLR2-0023,warrant,false,13,false,,0.0,,true,2022-08-28,6 months imprisonment
ARR-0000292,FIR-RMN-2022-00002,ACC-FIR-RMN-2022-00002-000,CRM-0000206,Manjunath Gowda,OFF-0003050,2022-02-01,"Near Bus Stand, Ramanagara",KA-RMN,STN-KA-RMN-0001,preventive,false,5,true,2022-03-14,200000,Fast Track Court,false,,
ARR-0000293,FIR-MGL-2022-00002,ACC-FIR-MGL-2022-00002-000,,Rekha Krishnamurthy,OFF-0001128,2022-02-22,"Near Bus Stand, Dakshina Kannada",KA-MGL,STN-KA-MGL-0029,suo_moto,false,7,true,2022-05-08,200000,Additional Sessions Court,false,,
ARR-0000294,FIR-BLR2-2022-00011,ACC-FIR-BLR2-2022-00011-000,CRM-0000020,Sujatha Raju,OFF-0003575,2022-02-14,"Near Bus Stand, Ballari",KA-BLR2,STN-KA-BLR2-0012,preventive,false,8,false,,0.0,,true,2023-10-02,3 months imprisonment
ARR-0000295,FIR-BLR-2022-00023,ACC-FIR-BLR-2022-00023-000,CRM-0000141,Sangeetha Verma,OFF-0000391,2022-02-12,"Near Railway Station, Bengaluru Urban",KA-BLR,STN-KA-BLR-0034,suo_moto,false,13,false,,0.0,,false,,
