criminal_id,citizen_id,name_en,name_kn,alias_names,age,gender,district_id,district_name,station_id,home_lat,home_lng,risk_level,expertise,preferred_crime_types,operating_radius_km,recidivism_probability,career_stage,is_gang_member,gang_id,is_gang_leader,known_associates,total_crimes_committed,total_arrests,is_currently_active,is_currently_arrested,mo_entry_method,mo_time_slot,mo_target_type,mo_escape_vehicle,mo_weapon,mo_stolen_property,mo_num_offenders,mo_operates_at_night
CRM-0000000,CIT-00002167,Ravi Sharma,ಮಂಜುನಾಥ್ ಉಡುಪ,Ravi Srm.|Ravi S.,50,M,KA-MGL,Dakshina Kannada,STN-KA-MGL-0028,12.510997,75.084251,low,property,THEFT|VEH_THEFT|TRESPASS,9.2,0.25,juvenile,False,,False,,1,0,True,False,roof_entry,afternoon_1200_1600,residential_house,bicycle,none,electronics,4,False
CRM-0000001,CIT-00000011,Radha Tantri,ಸ್ವಾತಿ ಉಡುಪ,ಸ್ವಾತಿ ಉಡುಪ,44,F,KA-KLP,Kalaburagi,STN-KA-KLP-0011,17.118197,76.987456,low,property,VEH_THEFT|THEFT|BURGLARY,12.6,0.25,active,False,,False,,3,0,True,False,front_door,morning_0600_0900,hospital,bicycle,none,none,1,False
CRM-0000002,CIT-00001519,Umesh Verma,ಮಂಜುನಾಥ್ ಅರಸ್,a/k/a Umesh,36,M,KA-MYS,Mysuru,STN-KA-MYS-0002,12.040181,76.567611,high,violent,DACOITY|ROBBERY|CHAIN,40.0,0.65,juvenile,True,GANG-0004,False,CRM-0000175|CRM-0000221|CRM-0000188|CRM-0000034|CRM-0000038|CRM-0000226|CRM-0000184|CRM-0000107|CRM-0000106,9,0,True,False,fake_delivery,afternoon_1200_1600,hospital,auto_rickshaw,iron_rod,electronics,3,False
CRM-0000003,CIT-00004626,Sangeetha Hegde,ಪೂಜಾ ಅರಸ್,Sangeetha Hgd.|Soingeeth Hegde,73,F,KA-BLR,Bengaluru Urban,STN-KA-BLR-0034,13.17929,77.633413,medium,property,TRESPASS|ARSON|THEFT,36.9,0.45,active,False,,False,,4,0,True,False,fake_police,mid_morning_0900_1200,hospital,car,none,gold_jewellery,2,False
CRM-0000004,CIT-00001425,Jyothi Desai,ಪೂಜಾ ಕುಮಾರ್,Jyothi|@Jyothi,41,F,KA-MGL,Dakshina Kannada,STN-KA-MGL-0000,12.392793,75.228528,medium,narcotics,NARCOTICS|POSSESS,35.6,0.45,active,False,,False,,1,0,True,False,tunneling,evening_1600_1900,market,unknown,none,vehicle,2,False
CRM-0000005,CIT-00001249,Umesh Joshi,ವಿಕ್ರಮ್ ಪ್ರಭು,Umesh J.|U. Joshi,54,M,KA-RMN,Ramanagara,STN-KA-RMN-0014,12.721848,77.589278,low,fraud,ATM_FRAUD|CYBER|FRAUD,7.2,0.25,experienced,False,,False,,0,0,True,False,digital_access,mid_morning_0900_1200,apartment,motorcycle,none,none,1,False
CRM-0000006,CIT-00003406,Basavaraj Nambiar,ಶಿವಕುಮಾರ್ ಅಯ್ಯರ್,Besavaraj Nambiar,16,M,KA-UDR,Udupi,STN-KA-UDR-0006,13.25679,75.009568,high,fraud,CYBER|FRAUD|ATM_FRAUD,118.4,0.65,emerging,False,,False,,18,0,True,False,social_engineering,morning_0600_0900,vehicle_parked,motorcycle,none,cash,1,False
CRM-0000007,CIT-00001067,Deepak Shastri,ಮೋಹನ್ ಮೂರ್ತಿ,ಮೋಹನ್ ಮೂರ್ತಿ|D. Shastri|Deepak S.,35,M,KA-MGL,Dakshina Kannada,STN-KA-MGL-0017,12.518004,74.916385,very_high,property,ARSON|TRESPASS|THEFT,230.1,0.8,juvenile,False,,False,,35,0,True,False,fake_police,night_1900_2200,vehicle_parked,motorcycle,none,cash,2,True
CRM-0000008,CIT-00001751,Manjunath Singh,ತೇಜಸ್ ಭಟ್,Manjumath Singh|M. Singh|M. Nath Singh,71,M,KA-UDR,Udupi,STN-KA-UDR-0021,13.405195,74.955265,very_high,fraud,ATM_FRAUD|FRAUD|CYBER,220.8,0.8,retired,False,,False,,11,0,False,False,social_engineering,afternoon_1200_1600,shop,auto_rickshaw,none,livestock,3,False
CRM-0000009,CIT-00002764,Suresh Verma,ಪ್ರಶಾಂತ್ ಕೃಷ್ಣಮೂರ್ತಿ,Suresh V.|Sursh Verma|ಪ್ರಶಾಂತ್ ಕೃಷ್ಣಮೂರ್ತಿ,47,M,KA-RMN,Ramanagara,STN-KA-RMN-0003,12.79768,77.690514,medium,violent,RIOTING|DACOITY|ASSAULT,35.4,0.45,active,False,,False,,1,0,True,False,digital_access,afternoon_1200_1600,street,public_bus,none,cash,2,False
CRM-0000010,CIT-00000761,Vidya Raju,ಸುಮ಼ಾ ವೊಕ್ಕಲಿಗ,Vidy Raju|@Vidya,50,F,KA-HSN,Hassan,STN-KA-HSN-0014,12.826297,76.252143,high,property,BURGLARY|ARSON|VEH_THEFT,40.1,0.65,emerging,False,,False,,18,0,True,False,window_entry,mid_morning_0900_1200,market,auto_rickshaw,none,none,1,False
CRM-0000011,CIT-00002266,Bharathi Patil,ಮೀರಾ ಕಾಮತ್,ಮೀರಾ ಕಾಮತ್|Bharathi P.,50,F,KA-BLR,Bengaluru Urban,STN-KA-BLR-0034,13.15096,77.659961,low,property,ARSON|TRESPASS|BURGLARY,7.4,0.25,active,False,,False,,3,0,True,False,social_engineering,late_night_2200_0400,market,public_bus,none,livestock,1,True
CRM-0000012,CIT-00004200,Naveen Nambiar,ಸತೀಶ್ ಹೆಗಡೆ,Naveen N.,35,M,KA-HBL,Hubballi-Dharwad,STN-KA-HBL-0012,15.127578,75.168066,medium,violent,RIOTING|DACOITY|ROBBERY,30.5,0.45,active,False,,False,,2,0,True,False,rear_entry,late_night_2200_0400,market,on_foot,none,laptop,2,True
CRM-0000013,CIT-00001160,Sujatha Murthy,ಮೀರಾ ಶೆಟ್ಟಿ,Sujatha|@Sujatha,68,F,KA-MGL,Dakshina Kannada,STN-KA-MGL-0013,12.808047,75.471218,medium,opportunistic,DRUNK_DRV|CHAIN|THEFT,29.2,0.45,active,False,,False,,5,0,True,False,rear_entry,afternoon_1200_1600,bank,on_foot,none,none,3,False
CRM-0000014,CIT-00004465,Kiran Reddy,ಗೌರವ್ ಅಯ್ಯರ್,Kiram Reddy,21,M,KA-HBL,Hubballi-Dharwad,STN-KA-HBL-0022,15.555469,75.192462,low,narcotics,NARCOTICS|POSSESS,11.1,0.25,active,False,,False,,0,0,True,False,rear_entry,early_morning_0400_0600,market,auto_rickshaw,none,electronics,1,True
CRM-0000015,CIT-00002246,Nitya Ayyar,ರೇಖಾ ಮೂರ್ತಿ,N. Ayyar,22,F,KA-BLR,Bengaluru Urban,STN-KA-BLR-0030,12.901627,77.539715,medium,violent,ROBBERY|RIOTING|DACOITY,22.3,0.45,active,False,,False,,0,0,True,False,open_access,late_night_2200_0400,school,auto_rickshaw,none,electronics,4,True
CRM-0000016,CIT-00002333,Vinay Vokkaliga,ರಾಜೇಶ್ ರೆಡ್ಡಿ,@Vinay,64,M,KA-KLP,Kalaburagi,STN-KA-KLP-0015,17.563542,76.992159,high,fraud,FRAUD|CYBER|ATM_FRAUD,79.3,0.65,experienced,True,GANG-0002,False,CRM-0000140|CRM-0000193|CRM-0000228|CRM-0000242|CRM-0000085|CRM-0000023|CRM-0000061|CRM-0000238|CRM-0000217|CRM-0000204,19,0,True,False,digital_access,afternoon_1200_1600,atm,auto_rickshaw,none,gold_jewellery,2,False
CRM-0000017,CIT-00002777,Anita Nambiar,ಮಧು ಅರಸ್,A. Nambiar|a/k/a Anita|Anita N.,34,F,KA-KDG,Kodagu,STN-KA-KDG-0008,12.058029,75.859806,low,narcotics,POSSESS|NARCOTICS,6.6,0.25,experienced,False,,False,,2,0,True,False,window_entry,evening_1600_1900,hospital,on_foot,none,none,1,False
CRM-0000018,CIT-00002786,Basavaraj Tantri,ಸುರೇಶ್ ಕೃಷ್ಣಮೂರ್ತಿ,Basavaraja Tantri|B. Tantri|Basavaraj T.,73,M,KA-BLR,Bengaluru Urban,STN-KA-BLR-0035,13.071644,77.466992,high,property,TRESPASS|BURGLARY|THEFT,99.1,0.65,retired,False,,False,,5,0,False,False,open_access,night_1900_2200,apartment,motorcycle,none,livestock,2,True
CRM-0000019,CIT-00001211,Anil Murthy,ಮಂಜುನಾಥ್ ಲಿಂಗಾಯತ್,ಮಂಜುನಾಥ್ ಲಿಂಗಾಯತ್|Amil Murthy,53,M,KA-MGL,Dakshina Kannada,STN-KA-MGL-0002,12.480609,75.526436,high,violent,ASSAULT|CHAIN|RIOTING,89.5,0.65,active,True,GANG-0000,False,CRM-0000181|CRM-0000198|CRM-0000152|CRM-0000177|CRM-0000239|CRM-0000088|CRM-0000150,19,0,True,False,fake_police,evening_1600_1900,shop,auto_rickshaw,firearm,documents,1,False
CRM-0000020,CIT-00000970,Sujatha Raju,ಜ್ಯೋತಿ ಮೂರ್ತಿ,Sujatha,58,F,KA-RBG,Dharwad,STN-KA-RBG-0023,15.380008,75.07548,medium,violent,ASSAULT|ROBBERY|RIOTING,32.5,0.45,emerging,False,,False,,7,0,True,False,fake_delivery,late_night_2200_0400,temple,bicycle,none,documents,2,True
CRM-0000021,CIT-00002785,Satish Sharma,ನಾಗರಾಜ್ ನಾಯ್ಕ್,S. Sharma|ನಾಗರಾಜ್ ನಾಯ್ಕ್|Satish S.,42,M,KA-MYS,Mysuru,STN-KA-MYS-0011,12.451944,76.633167,high,property,TRESPASS|BURGLARY|THEFT,81.1,0.65,experienced,False,,False,,6,0,True,False,social_engineering,late_night_2200_0400,market,unknown,none,documents,1,True
CRM-0000022,CIT-00002124,Kavitha Naik,ಸೀತಾ ಕಾಮತ್,Kavitha|K. Naik|Kavitha Nk.,17,F,KA-HBL,Hubballi-Dharwad,STN-KA-HBL-0004,15.127523,75.179252,low,violent,CHAIN|ROBBERY|RIOTING,14.5,0.25,notorious,False,,False,,1,0,True,False,digital_access,morning_0600_0900,bus_stand,car,bare_hands,mixed_valuables,3,False
CRM-0000023,CIT-00000019,Tejas Kamath,ರಾಘವೇಂದ್ರ ಗೌಡ,Tejas|Tejas K.,64,M,KA-KLP,Kalaburagi,STN-KA-KLP-0011,17.113608,77.034265,medium,property,BURGLARY|THEFT|ARSON,20.8,0.45,experienced,True,GANG-0002,False,CRM-0000140|CRM-0000193|CRM-0000228|CRM-0000242|CRM-0000085|CRM-0000016|CRM-0000061|CRM-0000238|CRM-0000217|CRM-0000204,5,0,True,False,front_door,early_morning_0400_0600,hospital,unknown,none,livestock,4,True
CRM-0000024,CIT-00001558,Satish Gowda,ತೇಜಸ್ ಕಾಮತ್,alias Satish|Set1sh Gowda,39,M,KA-MYS,Mysuru,STN-KA-MYS-0005,12.466825,76.472849,low,property,ARSON|TRESPASS|VEH_THEFT,5.4,0.25,emerging,False,,False,,0,0,True,False,fake_police,late_night_2200_0400,railway_station,public_bus,none,none,1,True
CRM-0000025,CIT-00002826,Satish Udupi,ರಾಜೇಶ್ ಸ್ವಾಮಿ,Satish|S. Udupi|Satish U.,70,M,KA-BLR,Bengaluru Urban,STN-KA-BLR-0045,13.062187,77.799237,low,property,BURGLARY|ARSON|THEFT,10.7,0.25,retired,False,,False,,3,0,False,False,forced_entry,night_1900_2200,atm,car,none,vehicle,3,True
CRM-0000026,CIT-00001308,Abhishek Vokkaliga,ರೋಹಿತ್ ಅರಸ್,ರೋಹಿತ್ ಅರಸ್|Abhishek V.,18,M,KA-BLR2,Ballari,STN-KA-BLR2-0026,14.970968,77.194203,low,violent,ROBBERY|RIOTING|CHAIN,14.1,0.25,experienced,False,,False,,0,0,True,False,open_access,early_morning_0400_0600,bank,auto_rickshaw,iron_rod,none,3,True
CRM-0000027,CIT-00001735,Deepak Bhat,ಸುರೇಶ್ ಗೌಡ,Deepak Bht.|Deepak|Deepak B.,65,M,KA-HBL,Hubballi-Dharwad,STN-KA-HBL-0028,15.021953,75.337702,low,narcotics,NARCOTICS|POSSESS,9.0,0.25,retired,False,,False,,2,0,False,False,roof_entry,evening_1600_1900,market,unknown,none,mixed_valuables,1,False
CRM-0000028,CIT-00004571,Shivakumar Lingayat,ರಾಘವೇಂದ್ರ ವೊಕ್ಕಲಿಗ,alias Shivakumar|ರಾಘವೇಂದ್ರ ವೊಕ್ಕಲಿಗ,44,M,KA-MGL,Dakshina Kannada,STN-KA-MGL-0029,12.865532,75.421155,low,property,THEFT|ARSON|TRESPASS,5.7,0.25,active,False,,False,,3,0,True,False,front_door,morning_0600_0900,apartment,car,none,documents,1,False
CRM-0000029,CIT-00001090,Deepak Raju,ಅಭಿಷೇಕ್ ಪ್ರಭು,Deepak,70,M,KA-RBG,Dharwad,STN-KA-RBG-0001,15.594094,75.209849,low,property,TRESPASS|BURGLARY|ARSON,7.3,0.25,retired,False,,False,,3,0,False,False,digital_access,mid_morning_0900_1200,bank,motorcycle,none,documents,3,False
CRM-0000030,CIT-00004406,Naveen Adiga,ರಾಘವೇಂದ್ರ ಮೂರ್ತಿ,Naveen A.|N. Adiga|ರಾಘವೇಂದ್ರ ಮೂರ್ತಿ,45,M,KA-KLP,Kalaburagi,STN-KA-KLP-0023,17.481994,76.589361,low,property,VEH_THEFT|THEFT|BURGLARY,14.6,0.25,active,False,,False,,3,0,True,False,front_door,night_1900_2200,shop,motorcycle,none,electronics,1,True
CRM-0000031,CIT-00004535,Ajay Bhat,ರೋಹಿತ್ ಅಡಿಗ,Ejoy Bhat|Ajay,31,M,KA-BLR,Bengaluru Urban,STN-KA-BLR-0015,13.052892,77.633953,medium,fraud,ATM_FRAUD|FRAUD|CYBER,35.4,0.45,experienced,False,,False,,2,0,True,False,social_engineering,morning_0600_0900,vehicle_parked,bicycle,none,none,2,False
CRM-0000032,CIT-00000136,Vidya Sharma,ಗೀತಾ ಲಿಂಗಾಯತ್,Vidya|Vidya S.|a/k/a Vidya,40,F,KA-UDR,Udupi,STN-KA-UDR-0015,13.627987,75.006689,medium,fraud,CYBER|FRAUD|ATM_FRAUD,39.2,0.45,notorious,False,,False,,1,0,True,False,digital_access,evening_1600_1900,residential_house,bicycle,none,cash,2,False
CRM-0000033,CIT-00001081,Ganesh Murthy,ಮಂಜುನಾಥ್ ವೊಕ್ಕಲಿಗ,Gaesh Murthy|Ganesh M.,25,M,KA-MYS,Mysuru,STN-KA-MYS-0012,11.996728,76.250822,very_high,property,TRESPASS|BURGLARY|THEFT,134.2,0.8,notorious,False,,False,,39,0,True,False,forced_entry,afternoon_1200_1600,bus_stand,bicycle,none,laptop,3,False
CRM-0000034,CIT-00001681,Pooja Udupi,ಶಾಂತಾ ಕೃಷ್ಣಮೂರ್ತಿ,P. Udupi|Pooja U.|ಶಾಂತಾ ಕೃಷ್ಣಮೂರ್ತಿ,30,F,KA-HBL,Hubballi-Dharwad,STN-KA-HBL-0021,15.517273,75.252951,medium,violent,RIOTING|ROBBERY|CHAIN,32.8,0.45,active,True,GANG-0004,False,CRM-0000175|CRM-0000221|CRM-0000002|CRM-0000188|CRM-0000038|CRM-0000226|CRM-0000184|CRM-0000107|CRM-0000106,5,0,True,False,tunneling,late_night_2200_0400,school,auto_rickshaw,bare_hands,none,3,True
CRM-0000035,CIT-00001978,Rekha Adiga,ಗೀತಾ ರಾವ್,a/k/a Rekha,17,F,KA-HBL,Hubballi-Dharwad,STN-KA-HBL-0009,15.472504,75.0893,low,violent,ROBBERY|CHAIN|RIOTING,10.7,0.25,retired,False,,False,,1,0,False,False,fake_delivery,mid_morning_0900_1200,residential_house,bicycle,iron_rod,vehicle,1,False
CRM-0000036,CIT-00004815,Umesh Nayak,ಅಜಯ್ ಅಯ್ಯರ್,ಅಜಯ್ ಅಯ್ಯರ್|U. Nayak,33,M,KA-BLR,Bengaluru Urban,STN-KA-BLR-0047,13.04885,77.597378,medium,property,BURGLARY|ARSON|TRESPASS,22.1,0.45,active,False,,False,,1,0,True,False,social_engineering,late_night_2200_0400,shop,motorcycle,none,electronics,1,True
CRM-0000037,CIT-00003344,Sujatha Tantri,ಗೀತಾ ಕುಮಾರ್,Sujatha T.|ಗೀತಾ ಕುಮಾರ್,34,F,KA-BLR2,Ballari,STN-KA-BLR2-0021,15.526624,77.157151,high,violent,ROBBERY|DACOITY|RIOTING,116.9,0.65,experienced,True,GANG-0003,False,CRM-0000209|CRM-0000111|CRM-0000147|CRM-0000148|CRM-0000192|CRM-0000052|CRM-0000240|CRM-0000173|CRM-0000191|CRM-0000137,1,0,True,False,forced_entry,early_morning_0400_0600,bus_stand,motorcycle,firearm,mixed_valuables,3,True
CRM-0000038,CIT-00000112,Ganesh Bhat,ಬಸವರಾಜ್ ಗೌಡ,Ganesh|a/k/a Ganesh|Gansh Bhat,65,M,KA-HBL,Hubballi-Dharwad,STN-KA-HBL-0012,15.193439,75.175575,medium,property,ARSON|VEH_THEFT|THEFT,27.5,0.45,experienced,True,GANG-0004,False,CRM-0000175|CRM-0000221|CRM-0000002|CRM-0000188|CRM-0000034|CRM-0000226|CRM-0000184|CRM-0000107|CRM-0000106,7,0,True,False,front_door,mid_morning_0900_1200,apartment,unknown,none,electronics,2,False
CRM-0000039,CIT-00000418,Gaurav Rao,ಸತೀಶ್ ಲಿಂಗಾಯತ್,Gaurav R.,74,M,KA-HBL,Hubballi-Dharwad,STN-KA-HBL-0012,15.160163,75.140386,very_high,property,BURGLARY|TRESPASS|ARSON,217.6,0.8,active,False,,False,,50,0,True,False,tunneling,late_night_2200_0400,vehicle_parked,auto_rickshaw,none,mixed_valuables,2,True
CRM-0000040,CIT-00002164,Mahesh Singh,ಕಿರಣ್ ಗೌಡ,a/k/a Mahesh,42,M,KA-CHB,Chikkaballapura,STN-KA-CHB-0008,13.407396,78.183866,very_high,property,TRESPASS|VEH_THEFT|BURGLARY,254.4,0.8,active,True,GANG-0001,False,CRM-0000095|CRM-0000070|CRM-0000057|CRM-0000235|CRM-0000213,49,0,True,False,fake_police,morning_0600_0900,school,on_foot,none,vehicle,1,False
CRM-0000041,CIT-00003233,Ramesh Joshi,ಅಜಯ್ ರಾವ್,Ram Joshi|R. Joshi|ಅಜಯ್ ರಾವ್,64,M,KA-BLR2,Ballari,STN-KA-BLR2-0017,14.985877,76.543999,medium,violent,CHAIN|ASSAULT|ROBBERY,39.4,0.45,retired,False,,False,,2,0,False,False,tunneling,night_1900_2200,market,on_foot,iron_rod,none,1,True
CRM-0000042,CIT-00004124,Ravi Hegde,ನಾಗರಾಜ್ ಕೃಷ್ಣಮೂರ್ತಿ,ನಾಗರಾಜ್ ಕೃಷ್ಣಮೂರ್ತಿ|Ravi H.,27,M,KA-BLR-R,Bengaluru Rural,STN-KA-BLR-R-0008,12.953979,77.461426,low,property,VEH_THEFT|BURGLARY|TRESPASS,11.2,0.25,active,False,,False,,1,0,True,False,window_entry,night_1900_2200,atm,bicycle,none,none,5,True
CRM-0000043,CIT-00003309,Ganesh Udupi,ರಾಘವೇಂದ್ರ ಕಾಮತ್,ರಾಘವೇಂದ್ರ ಕಾಮತ್,48,M,KA-BLR,Bengaluru Urban,STN-KA-BLR-0035,13.051137,77.396432,low,property,ARSON|THEFT|VEH_THEFT,5.1,0.25,juvenile,False,,False,,2,0,True,False,tunneling,early_morning_0400_0600,atm,bicycle,none,vehicle,5,True
CRM-0000044,CIT-00003112,Amala Naik,ಕವಿತಾ ಪ್ರಭು,Amala N.,52,F,KA-HBL,Hubballi-Dharwad,STN-KA-HBL-0002,15.61591,75.18028,low,fraud,ATM_FRAUD|CYBER|FRAUD,12.5,0.25,active,False,,False,,3,0,True,False,digital_access,evening_1600_1900,school,bicycle,none,documents,1,False
CRM-0000045,CIT-00002530,Shruthi Thakur,ಮೀರಾ ರೆಡ್ಡಿ,Shruthi T.|Shruthi|ಮೀರಾ ರೆಡ್ಡಿ,39,F,KA-UDR,Udupi,STN-KA-UDR-0005,13.240377,74.695588,high,property,ARSON|BURGLARY|TRESPASS,61.1,0.65,active,False,,False,,11,0,True,False,digital_access,night_1900_2200,hospital,motorcycle,none,vehicle,5,True
CRM-0000046,CIT-00001080,Prashanth Rao,ಗೌರವ್ ಶಾಸ್ತ್ರಿ,a/k/a Prashanth,38,M,KA-BLR,Bengaluru Urban,STN-KA-BLR-0054,13.041557,77.588434,low,narcotics,NARCOTICS|POSSESS,14.8,0.25,experienced,False,,False,,0,0,True,False,tunneling,evening_1600_1900,hospital,public_bus,none,documents,2,False
CRM-0000047,CIT-00002609,Sujatha Gowda,ನಿತ್ಯಾ ಹೆಗಡೆ,S. Gowda,42,F,KA-BLR,Bengaluru Urban,STN-KA-BLR-0005,13.021175,77.428517,high,property,TRESPASS|ARSON|THEFT,43.0,0.65,active,False,,False,,1,0,True,False,window_entry,afternoon_1200_1600,shop,on_foot,none,documents,1,False
CRM-0000048,CIT-00000657,Sneha Prabhu,ಅಮಲಾ ಉಡುಪ,Sneha P.|Snha Prabhu,66,F,KA-BLR,Bengaluru Urban,STN-KA-BLR-0048,12.933577,77.80781,very_high,opportunistic,THEFT|DRUNK_DRV|CHAIN,177.2,0.8,notorious,False,,False,,12,0,True,False,digital_access,morning_0600_0900,temple,bicycle,none,livestock,5,False
CRM-0000049,CIT-00001566,Anil Shastri,ಮಂಜುನಾಥ್ ರಾವ್,ಮಂಜುನಾಥ್ ರಾವ್,52,M,KA-BLR,Bengaluru Urban,STN-KA-BLR-0015,13.066506,77.61777,low,property,TRESPASS|ARSON|BURGLARY,10.0,0.25,notorious,False,,False,,2,0,True,False,fake_delivery,early_morning_0400_0600,street,on_foot,none,none,4,True
CRM-0000050,CIT-00004383,Rohit Bhat,ರೋಹಿತ್ ಹೆಗಡೆ,ರೋಹಿತ್ ಹೆಗಡೆ|Rohlt Bhat,55,M,KA-BLG,Belagavi,STN-KA-BLG-0024,15.809308,74.250497,high,fraud,ATM_FRAUD|FRAUD|CYBER,63.9,0.65,experienced,False,,False,,2,0,True,False,social_engineering,afternoon_1200_1600,market,public_bus,none,mixed_valuables,2,False
CRM-0000051,CIT-00004953,Abhishek Hegde,ನಾಗರಾಜ್ ಕೃಷ್ಣಮೂರ್ತಿ,ನಾಗರಾಜ್ ಕೃಷ್ಣಮೂರ್ತಿ,25,M,KA-HBL,Hubballi-Dharwad,STN-KA-HBL-0017,15.315805,75.122276,very_high,violent,RIOTING|CHAIN|DACOITY,203.5,0.8,active,False,,False,,17,0,True,False,rear_entry,evening_1600_1900,residential_house,car,firearm,vehicle,3,False
CRM-0000052,CIT-00003258,Mahesh Shastri,ಗೌರವ್ ವೊಕ್ಕಲಿಗ,M. Shastri|ಗೌರವ್ ವೊಕ್ಕಲಿಗ,43,M,KA-BLR2,Ballari,STN-KA-BLR2-0019,15.421487,76.861994,medium,opportunistic,DRUNK_DRV|THEFT|CHAIN,16.2,0.45,experienced,True,GANG-0003,False,CRM-0000209|CRM-0000111|CRM-0000147|CRM-0000148|CRM-0000192|CRM-0000240|CRM-0000173|CRM-0000191|CRM-0000137|CRM-0000189,8,0,True,False,front_door,late_night_2200_0400,school,public_bus,none,laptop,4,True
CRM-0000053,CIT-00000123,Ravi Aras,ಅರ್ಜುನ್ ಮೂರ್ತಿ,Ravi A.|Ravi|R. Aras,65,M,KA-UDR,Udupi,STN-KA-UDR-0004,13.65445,74.631131,medium,violent,ROBBERY|CHAIN|DACOITY,27.6,0.45,notorious,False,,False,,8,0,True,False,tunneling,evening_1600_1900,bank,motorcycle,none,none,3,False
CRM-0000054,CIT-00000578,Yogesh Tantri,ದೀಪಕ್ ಲಿಂಗಾಯತ್,ದೀಪಕ್ ಲಿಂಗಾಯತ್,50,M,KA-BLR,Bengaluru Urban,STN-KA-BLR-0027,13.023741,77.603644,low,property,THEFT|VEH_THEFT|BURGLARY,5.3,0.25,experienced,False,,False,,2,0,True,False,roof_entry,late_night_2200_0400,hospital,motorcycle,none,documents,3,True
CRM-0000055,CIT-00003467,Bharathi Nambiar,ಅನಿತಾ ಪಾಟೀಲ್,ಅನಿತಾ ಪಾಟೀಲ್,32,F,KA-SHV,Shivamogga,STN-KA-SHV-0007,13.776112,75.437984,high,violent,DACOITY|ASSAULT|CHAIN,49.0,0.65,notorious,False,,False,,10,0,True,False,digital_access,night_1900_2200,hospital,bicycle,firearm,laptop,2,True
CRM-0000056,CIT-00001406,Jyothi Udupi,ರಾಧಾ ಮೂರ್ತಿ,Jyothi|Jyoth1 Udupi|Jyothi U.,22,F,KA-RBG,Dharwad,STN-KA-RBG-0004,15.402334,74.956786,low,violent,RIOTING|ASSAULT|DACOITY,7.2,0.25,active,False,,False,,3,0,True,False,tunneling,late_night_2200_0400,railway_station,unknown,iron_rod,vehicle,5,True
CRM-0000057,CIT-00000526,Raghavendra Nambiar,ಶಿವಕುಮಾರ್ ಕುಮಾರ್,ಶಿವಕುಮಾರ್ ಕುಮಾರ್|Raghavendra|R. Nambiar,72,M,KA-CHB,Chikkaballapura,STN-KA-CHB-0001,13.501206,77.805977,medium,property,THEFT|ARSON|VEH_THEFT,19.4,0.45,notorious,True,GANG-0001,False,CRM-0000095|CRM-0000070|CRM-0000040|CRM-0000235|CRM-0000213,2,0,True,False,fake_police,late_night_2200_0400,apartment,auto_rickshaw,none,laptop,1,True
CRM-0000058,CIT-00000413,Gaurav Naik,ತೇಜಸ್ ಮೂರ್ತಿ,Gaurav,38,M,KA-BLR2,Ballari,STN-KA-BLR2-0017,14.93308,76.482085,low,fraud,FRAUD|ATM_FRAUD|CYBER,12.9,0.25,experienced,False,,False,,2,0,True,False,social_engineering,mid_morning_0900_1200,bus_stand,on_foot,none,cash,2,False
CRM-0000059,CIT-00004780,Prashanth Murthy,ಶ್ರೀಕಾಂತ್ ಕುಮಾರ್,Prashanth M.|ಶ್ರೀಕಾಂತ್ ಕುಮಾರ್,59,M,KA-BLG,Belagavi,STN-KA-BLG-0000,15.738881,74.31909,medium,fraud,CYBER|ATM_FRAUD|FRAUD,32.1,0.45,emerging,False,,False,,4,0,True,False,fake_police,afternoon_1200_1600,market,unknown,none,electronics,1,False
CRM-0000060,CIT-00004501,Rohit Lingayat,ಶ್ರೀಕಾಂತ್ ಕುಮಾರ್,Rohit L.,61,M,KA-KLR,Kolar,STN-KA-KLR-0014,13.173603,78.337134,medium,property,VEH_THEFT|THEFT|BURGLARY,43.6,0.45,retired,False,,False,,1,0,False,False,forced_entry,late_night_2200_0400,railway_station,motorcycle,none,mixed_valuables,3,True
CRM-0000061,CIT-00002255,Tejas Joshi,ತೇಜಸ್ ಹೆಗಡೆ,Tejas|T. Joshi|Tejas J.,39,M,KA-KLP,Kalaburagi,STN-KA-KLP-0028,17.283236,77.270092,high,violent,DACOITY|ASSAULT|CHAIN,93.8,0.65,active,True,GANG-0002,False,CRM-0000140|CRM-0000193|CRM-0000228|CRM-0000242|CRM-0000085|CRM-0000016|CRM-0000023|CRM-0000238|CRM-0000217|CRM-0000204,6,0,True,False,digital_access,mid_morning_0900_1200,shop,car,iron_rod,mobile_phone,3,False
CRM-0000062,CIT-00003387,Harsh Murthy,ಉಮೇಶ್ ಉಡುಪ,alias Harsh|Harsh M.,67,M,KA-BLR,Bengaluru Urban,STN-KA-BLR-0039,12.997834,77.678014,medium,violent,ASSAULT|DACOITY|RIOTING,32.8,0.45,retired,False,,False,,3,0,False,False,digital_access,night_1900_2200,atm,car,none,livestock,1,True
CRM-0000063,CIT-00003807,Amala Thakur,ನಿತ್ಯಾ ಮೂರ್ತಿ,Amala|A. Thakur,38,F,KA-RCR,Raichur,STN-KA-RCR-0010,15.900391,77.015365,medium,violent,ASSAULT|DACOITY|CHAIN,16.1,0.45,experienced,False,,False,,7,0,True,False,open_access,evening_1600_1900,railway_station,public_bus,iron_rod,electronics,2,False
CRM-0000064,CIT-00003788,Shruthi Reddy,ದೀಪಾ ಅಡಿಗ,S. Reddy|ದೀಪಾ ಅಡಿಗ|Shruthi R.,47,F,KA-RMN,Ramanagara,STN-KA-RMN-0014,12.745272,77.539918,medium,fraud,ATM_FRAUD|CYBER|FRAUD,16.7,0.45,experienced,False,,False,,2,0,True,False,social_engineering,late_night_2200_0400,bus_stand,car,none,gold_jewellery,1,True
CRM-0000065,CIT-00004572,Tejas Joshi,ಅಜಯ್ ಕಾಮತ್,alias Tejas,42,M,KA-BLR,Bengaluru Urban,STN-KA-BLR-0023,12.909982,77.670858,low,property,VEH_THEFT|THEFT|BURGLARY,6.0,0.25,emerging,False,,False,,3,0,True,False,social_engineering,early_morning_0400_0600,atm,car,none,gold_jewellery,2,True
CRM-0000066,CIT-00001248,Deepak Shastri,ಶ್ರೀಕಾಂತ್ ನಾಯ್ಕ್,a/k/a Deepak|ಶ್ರೀಕಾಂತ್ ನಾಯ್ಕ್|D. Shastri,67,M,KA-BLR2,Ballari,STN-KA-BLR2-0012,14.950154,76.72961,very_high,fraud,FRAUD|CYBER|ATM_FRAUD,224.3,0.8,retired,True,GANG-0002,False,CRM-0000140|CRM-0000193|CRM-0000228|CRM-0000242|CRM-0000085|CRM-0000016|CRM-0000023|CRM-0000061|CRM-0000238|CRM-0000217,11,0,False,False,fake_police,late_night_2200_0400,school,unknown,none,mixed_valuables,2,True
CRM-0000067,CIT-00004731,Suresh Shastri,ಪ್ರಕಾಶ್ ಹೆಗಡೆ,Suresh|Suresh S.,74,M,KA-KLP,Kalaburagi,STN-KA-KLP-0013,17.515614,76.705223,low,violent,DACOITY|ASSAULT|CHAIN,5.5,0.25,active,False,,False,,0,0,True,False,social_engineering,afternoon_1200_1600,atm,auto_rickshaw,iron_rod,vehicle,2,False
CRM-0000068,CIT-00000311,Ajay Swamy,ವಿಕ್ರಮ್ ಶಾಸ್ತ್ರಿ,A. Swamy|alias Ajay,48,M,KA-BLR,Bengaluru Urban,STN-KA-BLR-0034,13.164849,77.621782,very_high,property,THEFT|BURGLARY|ARSON,243.2,0.8,emerging,False,,False,,17,0,True,False,roof_entry,morning_0600_0900,atm,car,none,none,2,False
CRM-0000069,CIT-00004068,Raghavendra Lingayat,ಸುರೇಶ್ ತಂತ್ರಿ,ಸುರೇಶ್ ತಂತ್ರಿ|R. Lingayat|Raghovendra Lingayat,70,M,KA-RBG,Dharwad,STN-KA-RBG-0022,15.363907,74.909637,low,property,ARSON|THEFT|VEH_THEFT,7.2,0.25,arrested,False,,False,,2,0,False,True,open_access,evening_1600_1900,school,car,none,mixed_valuables,2,False
CRM-0000070,CIT-00004907,Jyothi Gowda,ಸಂಗೀತಾ ಲಿಂಗಾಯತ್,Jyothi G.,31,F,KA-CHB,Chikkaballapura,STN-KA-CHB-0011,13.626685,77.940312,high,property,TRESPASS|ARSON|BURGLARY,55.0,0.65,experienced,True,GANG-0001,False,CRM-0000095|CRM-0000057|CRM-0000040|CRM-0000235|CRM-0000213,1,0,True,False,forced_entry,late_night_2200_0400,market,public_bus,none,vehicle,3,True
CRM-0000071,CIT-00000307,Umesh Murthy,ವಿನಯ್ ಅರಸ್,Umesh M.|U. Murthy|Umesh,70,M,KA-BLR2,Ballari,STN-KA-BLR2-0017,14.942471,76.539844,low,violent,ROBBERY|ASSAULT|DACOITY,7.8,0.25,experienced,False,,False,,1,0,True,False,roof_entry,late_night_2200_0400,railway_station,motorcycle,none,gold_jewellery,2,True
CRM-0000072,CIT-00001177,Shruthi Aras,ರೇಖಾ ಹೆಗಡೆ,S. Aras|Shruthi,31,F,KA-UDR,Udupi,STN-KA-UDR-0000,13.367299,74.930718,medium,property,VEH_THEFT|THEFT|TRESPASS,42.6,0.45,emerging,False,,False,,8,0,True,False,fake_delivery,afternoon_1200_1600,vehicle_parked,public_bus,none,mixed_valuables,1,False
CRM-0000073,CIT-00001993,Tejas Kamath,ಉಮೇಶ್ ಪಾಟೀಲ್,Tijas Kamath|ಉಮೇಶ್ ಪಾಟೀಲ್|Tejas K.,33,M,KA-RBG,Dharwad,STN-KA-RBG-0026,15.62216,74.949381,low,opportunistic,DRUNK_DRV|THEFT|CHAIN,9.5,0.25,active,False,,False,,1,0,True,False,front_door,mid_morning_0900_1200,railway_station,car,none,mixed_valuables,1,False
CRM-0000074,CIT-00000795,Ravi Thakur,ಯೋಗೇಶ್ ಜೋಶಿ,Ravi,22,M,KA-BLR,Bengaluru Urban,STN-KA-BLR-0015,13.054398,77.625987,very_high,property,ARSON|BURGLARY|TRESPASS,196.1,0.8,notorious,False,,False,,4,0,True,False,window_entry,late_night_2200_0400,temple,on_foot,none,mixed_valuables,1,True
CRM-0000075,CIT-00001701,Anjali Vokkaliga,ಜ್ಯೋತಿ ಜೋಶಿ,Anjali|Ejell Vokkaliga,41,F,KA-MYS,Mysuru,STN-KA-MYS-0015,11.817159,76.922361,low,property,TRESPASS|VEH_THEFT|BURGLARY,11.8,0.25,experienced,False,,False,,1,0,True,False,rear_entry,early_morning_0400_0600,school,car,none,mixed_valuables,1,True
CRM-0000076,CIT-00000753,Sangeetha Kumar,ಅನಿತಾ ದೇಸಾಯಿ,Sangeetho Kumar|Sangeetha Kr.,18,F,KA-RBG,Dharwad,STN-KA-RBG-0001,15.569843,75.230635,high,property,VEH_THEFT|BURGLARY|ARSON,43.9,0.65,active,False,,False,,2,0,True,False,rear_entry,night_1900_2200,railway_station,motorcycle,none,documents,1,True
CRM-0000077,CIT-00004983,Anil Rao,ಮಂಜುನಾಥ್ ಶಾಸ್ತ್ರಿ,Ainl Rao|@Anil,61,M,KA-BLG,Belagavi,STN-KA-BLG-0000,15.749941,74.248194,medium,fraud,FRAUD|CYBER|ATM_FRAUD,39.7,0.45,retired,False,,False,,8,0,False,False,digital_access,night_1900_2200,street,unknown,none,laptop,2,True
CRM-0000078,CIT-00003301,Umesh Singh,ಪ್ರಕಾಶ್ ಶೆಟ್ಟಿ,ಪ್ರಕಾಶ್ ಶೆಟ್ಟಿ,49,M,KA-BLR,Bengaluru Urban,STN-KA-BLR-0056,12.842512,77.600308,high,property,ARSON|BURGLARY|THEFT,57.5,0.65,active,False,,False,,9,0,True,False,fake_police,early_morning_0400_0600,market,public_bus,none,electronics,1,True
CRM-0000079,CIT-00004702,Sangeetha Gowda,ನಿತ್ಯಾ ಕಾಮತ್,S. Gowda|Sangaetha Gowda|Sangeetha G.,26,F,KA-KLP,Kalaburagi,STN-KA-KLP-0004,17.041259,77.008938,low,violent,ROBBERY|DACOITY|CHAIN,7.8,0.25,experienced,False,,False,,3,0,True,False,open_access,late_night_2200_0400,hospital,unknown,bare_hands,none,1,True
CRM-0000080,CIT-00000196,Lakshmi Vokkaliga,ಸುಜಾತಾ ಭಟ್,Lakshmi|Lakshmi V.|@Lakshmi,55,F,KA-RBG,Dharwad,STN-KA-RBG-0006,15.447092,75.195222,high,violent,CHAIN|ASSAULT|RIOTING,93.3,0.65,experienced,False,,False,,16,0,True,False,open_access,early_morning_0400_0600,atm,on_foot,iron_rod,vehicle,2,True
CRM-0000081,CIT-00002863,Madhu Patil,ಲಕ್ಷ್ಮಿ ತಂತ್ರಿ,Madhu P.|ಲಕ್ಷ್ಮಿ ತಂತ್ರಿ,56,F,KA-BLG,Belagavi,STN-KA-BLG-0009,16.390462,75.012213,very_high,opportunistic,DRUNK_DRV|PICK|CHAIN,292.9,0.8,arrested,False,,False,,18,0,False,True,front_door,afternoon_1200_1600,residential_house,bicycle,none,mixed_valuables,4,False
CRM-0000082,CIT-00001977,Tejas Kumar,ರಮೇಶ್ ಕಾಮತ್,Tejas Kr.,39,M,KA-HBL,Hubballi-Dharwad,STN-KA-HBL-0009,15.461495,75.097399,low,property,THEFT|ARSON|VEH_THEFT,5.9,0.25,experienced,False,,False,,0,0,True,False,roof_entry,early_morning_0400_0600,shop,car,none,gold_jewellery,3,True
CRM-0000083,CIT-00001999,Vikram Raju,ಅನಿಲ್ ಅರಸ್,Vikram R.|Vikram|Vikra Raju,64,M,KA-CTV,Chitradurga,STN-KA-CTV-0017,14.893812,76.486659,very_high,violent,DACOITY|CHAIN|RIOTING,171.7,0.8,retired,False,,False,,28,0,False,False,social_engineering,late_night_2200_0400,bus_stand,unknown,knife,vehicle,1,True
CRM-0000084,CIT-00000015,Kavitha Lingayat,ಅಮಲಾ ರಾವ್,Kavitha L.,64,F,KA-MGL,Dakshina Kannada,STN-KA-MGL-0016,12.758741,75.297435,high,fraud,FRAUD|CYBER|ATM_FRAUD,74.3,0.65,active,False,,False,,7,0,True,False,social_engineering,morning_0600_0900,atm,car,none,electronics,3,False
CRM-0000085,CIT-00002770,Mahesh Shetty,ಮೋಹನ್ ಕಾಮತ್,ಮೋಹನ್ ಕಾಮತ್,69,M,KA-KLP,Kalaburagi,STN-KA-KLP-0004,16.997401,76.943741,high,property,TRESPASS|VEH_THEFT|BURGLARY,112.8,0.65,retired,True,GANG-0002,False,CRM-0000140|CRM-0000193|CRM-0000228|CRM-0000242|CRM-0000016|CRM-0000023|CRM-0000061|CRM-0000238|CRM-0000217|CRM-0000204,17,0,False,False,front_door,late_night_2200_0400,hospital,on_foot,none,livestock,1,True
CRM-0000086,CIT-00000080,Srikanth Patil,ವಿನಯ್ ತಂತ್ರಿ,Srlkonth Patil,38,M,KA-BLR,Bengaluru Urban,STN-KA-BLR-0038,12.976368,77.720323,very_high,narcotics,NARCOTICS|POSSESS,259.9,0.8,notorious,False,,False,,41,0,True,False,roof_entry,evening_1600_1900,atm,car,none,vehicle,1,False
CRM-0000087,CIT-00003063,Pooja Tantri,ಜ್ಯೋತಿ ಪ್ರಭು,ಜ್ಯೋತಿ ಪ್ರಭು|a/k/a Pooja,19,F,KA-BLR,Bengaluru Urban,STN-KA-BLR-0034,13.14589,77.631525,medium,property,THEFT|ARSON|TRESPASS,37.5,0.45,experienced,False,,False,,2,0,True,False,window_entry,early_morning_0400_0600,apartment,on_foot,none,none,3,True
CRM-0000088,CIT-00001048,Prashanth Sharma,ಪ್ರಶಾಂತ್ ಉಡುಪ,Prashanth Srm.|P. Sharma,32,M,KA-MGL,Dakshina Kannada,STN-KA-MGL-0021,12.772269,75.227967,medium,property,VEH_THEFT|THEFT|TRESPASS,23.0,0.45,active,True,GANG-0000,False,CRM-0000181|CRM-0000019|CRM-0000198|CRM-0000152|CRM-0000177|CRM-0000239|CRM-0000150,4,0,True,False,tunneling,afternoon_1200_1600,bus_stand,car,none,cash,1,False
CRM-0000089,CIT-00002574,Kiran Bhat,ಪ್ರಕಾಶ್ ಕೃಷ್ಣಮೂರ್ತಿ,Kiran,38,M,KA-KLR,Kolar,STN-KA-KLR-0013,13.19532,78.28951,low,violent,CHAIN|ASSAULT|ROBBERY,8.3,0.25,active,False,,False,,3,0,True,False,rear_entry,late_night_2200_0400,temple,auto_rickshaw,iron_rod,laptop,3,True
CRM-0000090,CIT-00003068,Sangeetha Udupi,ಸುಮ಼ಾ ಅಯ್ಯರ್,Sangeetha|Sangith Udupi,41,F,KA-MGL,Dakshina Kannada,STN-KA-MGL-0028,12.551632,75.107138,low,opportunistic,THEFT|DRUNK_DRV|CHAIN,13.6,0.25,experienced,False,,False,,1,0,True,False,window_entry,evening_1600_1900,shop,motorcycle,none,mobile_phone,1,False
CRM-0000091,CIT-00000767,Prakash Kumar,ವಿಕ್ರಮ್ ಉಡುಪ,Prekash Kumar|P. Kumar|a/k/a Prakash,48,M,KA-BLR,Bengaluru Urban,STN-KA-BLR-0042,13.016385,77.658527,medium,fraud,CYBER|ATM_FRAUD|FRAUD,19.1,0.45,active,False,,False,,2,0,True,False,fake_police,afternoon_1200_1600,hospital,auto_rickshaw,none,documents,1,False
CRM-0000092,CIT-00002317,Yogesh Gowda,ಅಭಿಷೇಕ್ ಕೃಷ್ಣಮೂರ್ತಿ,@Yogesh|Yogesh|Y. Gowda,51,M,KA-HBL,Hubballi-Dharwad,STN-KA-HBL-0010,15.090259,75.002335,medium,narcotics,POSSESS|NARCOTICS,39.4,0.45,experienced,False,,False,,4,0,True,False,window_entry,night_1900_2200,vehicle_parked,bicycle,none,gold_jewellery,1,True
CRM-0000093,CIT-00001238,Saritha Krishnamurthy,ಲಕ್ಷ್ಮಿ ನಂಬಿಯಾರ್,ಲಕ್ಷ್ಮಿ ನಂಬಿಯಾರ್|a/k/a Saritha,52,F,KA-BLR,Bengaluru Urban,STN-KA-BLR-0054,13.087659,77.54651,medium,fraud,CYBER|ATM_FRAUD|FRAUD,24.9,0.45,experienced,False,,False,,0,0,True,False,social_engineering,evening_1600_1900,bus_stand,unknown,none,none,3,False
CRM-0000094,CIT-00003037,Jyothi Prabhu,ಸ್ವಾತಿ ಕಾಮತ್,Jyothi|@Jyothi,39,F,KA-BLR,Bengaluru Urban,STN-KA-BLR-0001,12.926044,77.675945,medium,fraud,CYBER|ATM_FRAUD|FRAUD,43.8,0.45,active,False,,False,,3,0,True,False,fake_police,morning_0600_0900,apartment,bicycle,none,mixed_valuables,1,False
CRM-0000095,CIT-00002191,Gaurav Desai,ದೀಪಕ್ ಕಾಮತ್,Gaurav D.|ದೀಪಕ್ ಕಾಮತ್|G. Desai,19,M,KA-CHB,Chikkaballapura,STN-KA-CHB-0015,13.319946,77.714431,high,violent,RIOTING|ROBBERY|ASSAULT,109.2,0.65,experienced,True,GANG-0001,True,,11,0,True,False,front_door,night_1900_2200,bus_stand,public_bus,iron_rod,laptop,5,True
CRM-0000096,CIT-00004671,Sandeep Aras,ಶಿವಕುಮಾರ್ ಪ್ರಭು,ಶಿವಕುಮಾರ್ ಪ್ರಭು,25,M,KA-BLR,Bengaluru Urban,STN-KA-BLR-0018,12.806151,77.579404,medium,property,ARSON|BURGLARY|TRESPASS,37.1,0.45,active,False,,False,,1,0,True,False,tunneling,early_morning_0400_0600,railway_station,auto_rickshaw,none,cash,2,True
CRM-0000097,CIT-00000552,Akash Adiga,ತೇಜಸ್ ಉಡುಪ,a/k/a Akash|ತೇಜಸ್ ಉಡುಪ|A. Adiga,72,M,KA-HBL,Hubballi-Dharwad,STN-KA-HBL-0013,15.301715,74.961397,low,violent,DACOITY|CHAIN|ROBBERY,12.6,0.25,active,False,,False,,3,0,True,False,roof_entry,early_morning_0400_0600,bank,on_foot,iron_rod,vehicle,1,True
CRM-0000098,CIT-00001445,Kiran Murthy,ನಾಗರಾಜ್ ಲಿಂಗಾಯತ್,Kiran M.|Klran Murthy|K. Murthy,50,M,KA-RCR,Raichur,STN-KA-RCR-0007,16.211664,77.040944,medium,fraud,CYBER|ATM_FRAUD|FRAUD,37.6,0.45,notorious,False,,False,,3,0,True,False,fake_police,early_morning_0400_0600,apartment,car,none,mixed_valuables,2,True
CRM-0000099,CIT-00001306,Pooja Gowda,ಪೂಜಾ ಶಾಸ್ತ್ರಿ,P. Gowda|Paoja Gowda|ಪೂಜಾ ಶಾಸ್ತ್ರಿ,20,F,KA-BLR,Bengaluru Urban,STN-KA-BLR-0009,12.997138,77.586912,very_high,fraud,FRAUD|ATM_FRAUD|CYBER,184.4,0.8,arrested,False,,False,,11,0,False,True,digital_access,afternoon_1200_1600,residential_house,on_foot,none,electronics,1,False
CRM-0000100,CIT-00002376,Naveen Vokkaliga,ಹರ್ಷ ನಂಬಿಯಾರ್,ಹರ್ಷ ನಂಬಿಯಾರ್,42,M,KA-MYS,Mysuru,STN-KA-MYS-0002,12.040454,76.642583,high,property,BURGLARY|THEFT|TRESPASS,52.2,0.65,experienced,False,,False,,14,0,True,False,social_engineering,evening_1600_1900,hospital,car,none,laptop,2,False
CRM-0000101,CIT-00001210,Kiran Kumar,ಬಸವರಾಜ್ ಕಾಮತ್,Kiran,38,M,KA-RBG,Dharwad,STN-KA-RBG-0022,15.429567,74.930839,high,property,BURGLARY|ARSON|THEFT,92.8,0.65,experienced,False,,False,,4,0,True,False,fake_police,night_1900_2200,temple,auto_rickshaw,none,laptop,1,True
CRM-0000102,CIT-00001496,Meera Udupi,ಜ್ಯೋತಿ ಲಿಂಗಾಯತ್,Meera,33,F,KA-BLR,Bengaluru Urban,STN-KA-BLR-0000,12.847696,77.451858,low,fraud,FRAUD|CYBER|ATM_FRAUD,12.8,0.25,juvenile,False,,False,,2,0,True,False,fake_police,early_morning_0400_0600,vehicle_parked,car,none,vehicle,3,True
CRM-0000103,CIT-00000793,Shivakumar Shetty,ಮೋಹನ್ ಉಡುಪ,Shivakumara Shetty|Shivakumar S.|a/k/a Shivakumar,30,M,KA-BLR2,Ballari,STN-KA-BLR2-0017,14.943103,76.528247,medium,property,THEFT|BURGLARY|ARSON,21.1,0.45,emerging,True,GANG-0003,False,CRM-0000209|CRM-0000111|CRM-0000147|CRM-0000148|CRM-0000192|CRM-0000052|CRM-0000240|CRM-0000173|CRM-0000191|CRM-0000137,0,0,True,False,tunneling,late_night_2200_0400,shop,car,none,cash,2,True
CRM-0000104,CIT-00000046,Basavaraj Rao,ಅಭಿಷೇಕ್ ನಾಯ್ಕ್,Basavaraja Rao|B. Rao|Basavaraj,60,M,KA-VKT,Vijayanagara,STN-KA-VKT-0006,15.183911,76.035335,low,fraud,ATM_FRAUD|CYBER|FRAUD,13.3,0.25,notorious,False,,False,,0,0,True,False,social_engineering,evening_1600_1900,railway_station,bicycle,none,vehicle,3,False
CRM-0000105,CIT-00004781,Amala Shetty,ವಿದ್ಯಾ ಹೆಗಡೆ,Amala S.|Amala Shty.,23,F,KA-BLR,Bengaluru Urban,STN-KA-BLR-0056,12.843198,77.629739,medium,violent,ASSAULT|DACOITY|CHAIN,20.6,0.45,active,False,,False,,5,0,True,False,rear_entry,mid_morning_0900_1200,vehicle_parked,unknown,bare_hands,documents,2,False
CRM-0000106,CIT-00003458,Jyothi Sharma,ರಾಧಾ ನಾಯ್ಕ್,Jyothi|ರಾಧಾ ನಾಯ್ಕ್,42,F,KA-BLR,Bengaluru Urban,STN-KA-BLR-0034,13.15428,77.609532,high,property,TRESPASS|VEH_THEFT|ARSON,60.1,0.65,active,True,GANG-0004,False,CRM-0000175|CRM-0000221|CRM-0000002|CRM-0000188|CRM-0000034|CRM-0000038|CRM-0000226|CRM-0000184|CRM-0000107,11,0,True,False,front_door,late_night_2200_0400,residential_house,auto_rickshaw,none,cash,2,True
CRM-0000107,CIT-00002269,Suma Pillai,ಕವಿತಾ ಪಾಟೀಲ್,Suma P.|Sua Pillai,46,F,KA-CKM,Chikkamagaluru,STN-KA-CKM-0005,13.237673,75.967232,medium,violent,ASSAULT|DACOITY|ROBBERY,18.6,0.45,emerging,True,GANG-0004,False,CRM-0000175|CRM-0000221|CRM-0000002|CRM-0000188|CRM-0000034|CRM-0000038|CRM-0000226|CRM-0000184|CRM-0000106,2,0,True,False,fake_police,mid_morning_0900_1200,shop,unknown,knife,livestock,2,False
CRM-0000108,CIT-00000611,Jyothi Udupi,ಶೃತಿ ಕಾಮತ್,J. Udupi,49,F,KA-BLR,Bengaluru Urban,STN-KA-BLR-0018,12.851989,77.552785,low,property,THEFT|TRESPASS|VEH_THEFT,8.6,0.25,emerging,False,,False,,3,0,True,False,front_door,late_night_2200_0400,residential_house,on_foot,none,none,2,True
CRM-0000109,CIT-00003197,Sangeetha Thakur,ಅನಿತಾ ಶೆಟ್ಟಿ,ಅನಿತಾ ಶೆಟ್ಟಿ|S. Thakur|Songaetha Thakur,53,F,KA-BLR,Bengaluru Urban,STN-KA-BLR-0015,13.089922,77.59704,low,fraud,CYBER|FRAUD|ATM_FRAUD,13.1,0.25,emerging,False,,False,,0,0,True,False,social_engineering,evening_1600_1900,market,unknown,none,gold_jewellery,3,False
CRM-0000110,CIT-00003088,Gaurav Shastri,ರೋಹಿತ್ ಕೃಷ್ಣಮೂರ್ತಿ,G. Shastri,19,M,KA-YDG,Yadgir,STN-KA-YDG-0006,16.46322,76.988532,high,property,THEFT|VEH_THEFT|BURGLARY,59.2,0.65,emerging,False,,False,,20,0,True,False,open_access,mid_morning_0900_1200,apartment,unknown,none,gold_jewellery,4,False
CRM-0000111,CIT-00004138,Sneha Lingayat,ಸರಿತಾ ಅಯ್ಯರ್,Sneho Lingayat,31,F,KA-BLR2,Ballari,STN-KA-BLR2-0017,14.967049,76.535226,high,violent,DACOITY|CHAIN|RIOTING,102.6,0.65,active,True,GANG-0003,False,CRM-0000209|CRM-0000147|CRM-0000148|CRM-0000192|CRM-0000052|CRM-0000240|CRM-0000173|CRM-0000191|CRM-0000137|CRM-0000189,3,0,True,False,rear_entry,night_1900_2200,bank,bicycle,firearm,vehicle,2,True
CRM-0000112,CIT-00004459,Seeta Shetty,ಗೀತಾ ನಂಬಿಯಾರ್,Seeta|Seeta S.|ಗೀತಾ ನಂಬಿಯಾರ್,47,F,KA-BLR2,Ballari,STN-KA-BLR2-0012,14.917244,76.696033,low,property,VEH_THEFT|TRESPASS|THEFT,8.6,0.25,emerging,False,,False,,3,0,True,False,fake_delivery,late_night_2200_0400,apartment,auto_rickshaw,none,documents,2,True
CRM-0000113,CIT-00003938,Mohan Reddy,ಸಂದೀಪ್ ದೇಸಾಯಿ,Mohan Rdy.,59,M,KA-BLR,Bengaluru Urban,STN-KA-BLR-0050,13.001333,77.646863,low,fraud,ATM_FRAUD|FRAUD|CYBER,10.2,0.25,retired,False,,False,,1,0,False,False,social_engineering,mid_morning_0900_1200,temple,bicycle,none,laptop,4,False
CRM-0000114,CIT-00004232,Anil Shastri,ಸತೀಶ್ ಶಾಸ್ತ್ರಿ,ಸತೀಶ್ ಶಾಸ್ತ್ರಿ|A. Shastri|@Anil,45,M,KA-BLR2,Ballari,STN-KA-BLR2-0012,14.90832,76.722167,low,violent,ASSAULT|CHAIN|RIOTING,8.3,0.25,active,False,,False,,0,0,True,False,fake_delivery,late_night_2200_0400,apartment,car,knife,mobile_phone,3,True
CRM-0000115,CIT-00002794,Lakshmi Shetty,ಅಂಜಲಿ ಜೋಶಿ,ಅಂಜಲಿ ಜೋಶಿ|Lakshmi S.,29,F,KA-MDY,Mandya,STN-KA-MDY-0007,12.768292,76.640631,low,opportunistic,CHAIN|DRUNK_DRV|PICK,6.9,0.25,emerging,False,,False,,0,0,True,False,open_access,morning_0600_0900,shop,public_bus,none,vehicle,2,False
CRM-0000116,CIT-00000729,Ravi Bhat,ವಿನಯ್ ಭಟ್,ವಿನಯ್ ಭಟ್|Ravi B.,69,M,KA-BLR,Bengaluru Urban,STN-KA-BLR-0009,12.940311,77.619066,low,opportunistic,DRUNK_DRV|CHAIN|THEFT,11.5,0.25,arrested,False,,False,,1,0,False,True,open_access,mid_morning_0900_1200,apartment,bicycle,none,livestock,3,False
CRM-0000117,CIT-00000203,Amala Krishnamurthy,ಸುಮ಼ಾ ಅಡಿಗ,A. Krishnamurthy|Amala|ಸುಮ಼ಾ ಅಡಿಗ,58,F,KA-BLR,Bengaluru Urban,STN-KA-BLR-0001,12.910188,77.724662,low,violent,CHAIN|ROBBERY|ASSAULT,13.7,0.25,retired,False,,False,,3,0,False,False,fake_police,early_morning_0400_0600,apartment,motorcycle,bare_hands,mobile_phone,1,True
CRM-0000118,CIT-00000450,Vikram Lingayat,ಮಹೇಶ್ ಪ್ರಭು,Vikram|Vikram L.|V. Lingayat,66,M,KA-BLG,Belagavi,STN-KA-BLG-0018,15.784837,74.455976,low,property,BURGLARY|ARSON|TRESPASS,8.0,0.25,arrested,False,,False,,3,0,False,True,roof_entry,mid_morning_0900_1200,shop,unknown,none,cash,1,False
CRM-0000119,CIT-00001178,Mohan Shastri,ಯೋಗೇಶ್ ತಂತ್ರಿ,ಯೋಗೇಶ್ ತಂತ್ರಿ,32,M,KA-BLR,Bengaluru Urban,STN-KA-BLR-0028,12.891087,77.476608,high,property,THEFT|VEH_THEFT|ARSON,117.0,0.65,experienced,False,,False,,7,0,True,False,forced_entry,night_1900_2200,railway_station,car,none,laptop,2,True
CRM-0000120,CIT-00001990,Shantha Swamy,ಜ್ಯೋತಿ ಭಟ್,S. Swamy|Shintha Swamy|Shantha,49,F,KA-BLR2,Ballari,STN-KA-BLR2-0008,15.517939,76.509206,high,property,VEH_THEFT|TRESPASS|ARSON,51.1,0.65,active,False,,False,,17,0,True,False,fake_police,early_morning_0400_0600,railway_station,unknown,none,cash,4,True
CRM-0000121,CIT-00002018,Sandeep Kumar,ತೇಜಸ್ ಶೆಟ್ಟಿ,ತೇಜಸ್ ಶೆಟ್ಟಿ|S. Kumar|a/k/a Sandeep,17,M,KA-BLR,Bengaluru Urban,STN-KA-BLR-0043,13.11388,77.786634,high,property,THEFT|ARSON|BURGLARY,46.9,0.65,emerging,False,,False,,19,0,True,False,fake_delivery,night_1900_2200,apartment,bicycle,none,documents,2,True
CRM-0000122,CIT-00001235,Swathi Verma,ಕವಿತಾ ಕುಮಾರ್,ಕವಿತಾ ಕುಮಾರ್|Swathi,48,F,KA-HBL,Hubballi-Dharwad,STN-KA-HBL-0022,15.53694,75.166253,high,property,THEFT|VEH_THEFT|TRESPASS,83.6,0.65,notorious,False,,False,,13,0,True,False,digital_access,morning_0600_0900,railway_station,motorcycle,none,laptop,1,False
CRM-0000123,CIT-00002213,Manjunath Pillai,ಸಂದೀಪ್ ಅರಸ್,Manjunath P.|ಸಂದೀಪ್ ಅರಸ್|Manjunath,65,M,KA-RBG,Dharwad,STN-KA-RBG-0024,15.539122,74.925417,medium,violent,ROBBERY|ASSAULT|RIOTING,17.5,0.45,experienced,False,,False,,6,0,True,False,forced_entry,evening_1600_1900,railway_station,auto_rickshaw,iron_rod,gold_jewellery,3,False
CRM-0000124,CIT-00003254,Tejas Desai,ರೋಹಿತ್ ಜೋಶಿ,ರೋಹಿತ್ ಜೋಶಿ|T. Desai,42,M,KA-BLG,Belagavi,STN-KA-BLG-0009,16.359264,74.944064,medium,narcotics,NARCOTICS|POSSESS,25.3,0.45,active,False,,False,,1,0,True,False,rear_entry,afternoon_1200_1600,apartment,motorcycle,none,livestock,1,False
CRM-0000125,CIT-00003140,Ramesh Bhat,ಕಿರಣ್ ಅರಸ್,R. Bhat|Ramesh B.|Ramsh Bhat,28,M,KA-BLR,Bengaluru Urban,STN-KA-BLR-0044,13.03674,77.587592,very_high,opportunistic,CHAIN|THEFT|DRUNK_DRV,285.5,0.8,experienced,False,,False,,5,0,True,False,fake_police,early_morning_0400_0600,residential_house,bicycle,none,vehicle,2,True
CRM-0000126,CIT-00000076,Arjun Raju,ರಮೇಶ್ ಜೋಶಿ,@Arjun|A. Raju,59,M,KA-BLR-R,Bengaluru Rural,STN-KA-BLR-R-0015,13.501063,77.288092,medium,property,VEH_THEFT|THEFT|ARSON,31.6,0.45,arrested,False,,False,,8,0,False,True,rear_entry,night_1900_2200,temple,public_bus,none,documents,1,True
CRM-0000127,CIT-00001234,Lakshmi Singh,ದೀಪಾ ಲಿಂಗಾಯತ್,Lakshmi S.,25,F,KA-BLR,Bengaluru Urban,STN-KA-BLR-0045,13.048958,77.744207,medium,opportunistic,DRUNK_DRV|PICK|THEFT,20.8,0.45,notorious,False,,False,,1,0,True,False,fake_delivery,evening_1600_1900,residential_house,unknown,none,none,3,False
CRM-0000128,CIT-00003000,Mahesh Hegde,ಗೌರವ್ ನಂಬಿಯಾರ್,ಗೌರವ್ ನಂಬಿಯಾರ್|Mahesh,68,M,KA-UDR,Udupi,STN-KA-UDR-0015,13.695108,74.965498,high,property,ARSON|VEH_THEFT|THEFT,112.1,0.65,notorious,False,,False,,13,0,True,False,fake_police,early_morning_0400_0600,bus_stand,auto_rickshaw,none,mixed_valuables,3,True
CRM-0000129,CIT-00002904,Prakash Lingayat,ಶಿವಕುಮಾರ್ ಶಾಸ್ತ್ರಿ,Prokash Lingayat|P. Lingayat|Prakash L.,74,M,KA-BLR,Bengaluru Urban,STN-KA-BLR-0014,13.023696,77.766378,high,violent,ASSAULT|DACOITY|RIOTING,61.3,0.65,active,False,,False,,5,0,True,False,digital_access,mid_morning_0900_1200,vehicle_parked,auto_rickshaw,firearm,cash,2,False
CRM-0000130,CIT-00001404,Mohan Bhat,ಹರ್ಷ ತಂತ್ರಿ,ಹರ್ಷ ತಂತ್ರಿ|Mohan|M. Bhat,34,M,KA-BLR,Bengaluru Urban,STN-KA-BLR-0032,12.935955,77.747966,low,violent,ROBBERY|RIOTING|ASSAULT,10.5,0.25,arrested,False,,False,,0,0,False,True,front_door,night_1900_2200,market,car,knife,none,1,True
CRM-0000131,CIT-00001705,Anita Singh,ಸರಿತಾ ಪ್ರಭು,Anita S.|En1ta Singh|Anita Sg.,33,F,KA-BDR,Bidar,STN-KA-BDR-0011,17.552162,77.52166,high,fraud,FRAUD|CYBER|ATM_FRAUD,93.1,0.65,active,False,,False,,5,0,True,False,digital_access,morning_0600_0900,street,bicycle,none,mobile_phone,2,False
CRM-0000132,CIT-00000898,Srikanth Rao,ಪ್ರಕಾಶ್ ಶೆಟ್ಟಿ,Srikanth R.|Srlkeinth Rao,60,M,KA-BLR,Bengaluru Urban,STN-KA-BLR-0002,13.00845,77.645317,medium,fraud,FRAUD|ATM_FRAUD|CYBER,31.5,0.45,experienced,False,,False,,1,0,True,False,fake_police,mid_morning_0900_1200,bus_stand,unknown,none,mixed_valuables,1,False
CRM-0000133,CIT-00004851,Naveen Hegde,ರೋಹಿತ್ ಕೃಷ್ಣಮೂರ್ತಿ,Naveen H.|ರೋಹಿತ್ ಕೃಷ್ಣಮೂರ್ತಿ|Naveen,62,M,KA-BLR,Bengaluru Urban,STN-KA-BLR-0000,12.851276,77.471021,low,property,THEFT|TRESPASS|VEH_THEFT,5.8,0.25,emerging,False,,False,,0,0,True,False,window_entry,night_1900_2200,shop,bicycle,none,electronics,2,True
CRM-0000134,CIT-00001374,Akash Thakur,ಪ್ರಕಾಶ್ ಶೆಟ್ಟಿ,alias Akash,47,M,KA-BLR,Bengaluru Urban,STN-KA-BLR-0002,13.053317,77.688585,medium,narcotics,NARCOTICS|POSSESS,29.7,0.45,experienced,False,,False,,6,0,True,False,digital_access,mid_morning_0900_1200,railway_station,auto_rickshaw,none,cash,2,False
CRM-0000135,CIT-00001382,Kavitha Desai,ಅಮಲಾ ಅರಸ್,K. Desai|Kavitha D.|alias Kavitha,34,F,KA-BLR2,Ballari,STN-KA-BLR2-0012,14.959404,76.672429,low,narcotics,NARCOTICS|POSSESS,13.9,0.25,emerging,False,,False,,0,0,True,False,fake_delivery,mid_morning_0900_1200,school,public_bus,none,vehicle,1,False
CRM-0000136,CIT-00000618,Anita Kumar,ಸುಮ಼ಾ ಗೌಡ,Amita Kumar,59,F,KA-BLR,Bengaluru Urban,STN-KA-BLR-0034,13.17711,77.605204,low,property,TRESPASS|VEH_THEFT|BURGLARY,5.3,0.25,retired,False,,False,,3,0,False,False,roof_entry,mid_morning_0900_1200,temple,unknown,none,electronics,2,False
CRM-0000137,CIT-00003054,Geetha Kumar,ಲಕ್ಷ್ಮಿ ಪ್ರಭು,Geetha K.,74,F,KA-BLR2,Ballari,STN-KA-BLR2-0027,14.867348,77.021579,medium,property,THEFT|VEH_THEFT|BURGLARY,31.0,0.45,retired,True,GANG-0003,False,CRM-0000209|CRM-0000111|CRM-0000147|CRM-0000148|CRM-0000192|CRM-0000052|CRM-0000240|CRM-0000173|CRM-0000191|CRM-0000189,7,0,False,False,fake_police,early_morning_0400_0600,residential_house,unknown,none,electronics,2,True
CRM-0000138,CIT-00001576,Lakshmi Kumar,ನಿತ್ಯಾ ಶಾಸ್ತ್ರಿ,Lakshmi K.|ನಿತ್ಯಾ ಶಾಸ್ತ್ರಿ|Lokshmi Kumar,68,F,KA-CHT,Chamarajanagara,STN-KA-CHT-0006,11.750375,77.049145,medium,violent,ASSAULT|RIOTING|CHAIN,32.1,0.45,experienced,False,,False,,4,0,True,False,window_entry,night_1900_2200,residential_house,public_bus,none,cash,3,True
CRM-0000139,CIT-00002973,Kiran Shastri,ವಿನಯ್ ಹೆಗಡೆ,Kiran|Kiran S.,18,M,KA-RMN,Ramanagara,STN-KA-RMN-0012,12.75322,77.278742,high,fraud,FRAUD|CYBER|ATM_FRAUD,119.6,0.65,active,False,,False,,16,0,True,False,digital_access,early_morning_0400_0600,street,car,none,cash,5,True
CRM-0000140,CIT-00001448,Shantha Prabhu,ಗೀತಾ ತಂತ್ರಿ,Shantha P.,24,F,KA-KLP,Kalaburagi,STN-KA-KLP-0003,17.638435,77.394856,medium,property,VEH_THEFT|TRESPASS|BURGLARY,28.3,0.45,active,True,GANG-0002,True,,1,0,True,False,fake_delivery,afternoon_1200_1600,residential_house,public_bus,none,mixed_valuables,3,False
CRM-0000141,CIT-00002690,Sangeetha Verma,ಶೃತಿ ಅರಸ್,alias Sangeetha|ಶೃತಿ ಅರಸ್|S. Verma,41,F,KA-BLR,Bengaluru Urban,STN-KA-BLR-0056,12.847459,77.63463,medium,fraud,CYBER|FRAUD|ATM_FRAUD,31.6,0.45,active,False,,False,,6,0,True,False,fake_police,afternoon_1200_1600,apartment,auto_rickshaw,none,cash,5,False
CRM-0000142,CIT-00002219,Manjunath Shetty,ಪ್ರಶಾಂತ್ ನಂಬಿಯಾರ್,Manjunatha Shetty|Manjunath,19,M,KA-BLR,Bengaluru Urban,STN-KA-BLR-0009,12.984908,77.624844,medium,property,THEFT|ARSON|TRESPASS,21.8,0.45,experienced,False,,False,,8,0,True,False,front_door,early_morning_0400_0600,bank,car,none,electronics,2,True
CRM-0000143,CIT-00001985,Yogesh Nayak,ವಿನಯ್ ನಂಬಿಯಾರ್,Yogesh N.|Y. Nayak|ವಿನಯ್ ನಂಬಿಯಾರ್,28,M,KA-BDR,Bidar,STN-KA-BDR-0017,18.241914,77.625617,medium,violent,DACOITY|RIOTING|CHAIN,30.6,0.45,active,False,,False,,4,0,True,False,roof_entry,early_morning_0400_0600,market,on_foot,none,mixed_valuables,5,True
CRM-0000144,CIT-00001763,Naveen Swamy,ರೋಹಿತ್ ತಂತ್ರಿ,Naveen|Naveen S.|Nevee Swamy,36,M,KA-BLR,Bengaluru Urban,STN-KA-BLR-0000,12.839098,77.448173,high,violent,RIOTING|ASSAULT|CHAIN,109.6,0.65,arrested,False,,False,,9,0,False,True,digital_access,late_night_2200_0400,residential_house,motorcycle,iron_rod,documents,1,True
CRM-0000145,CIT-00000333,Ganesh Verma,ಪ್ರಶಾಂತ್ ಅಡಿಗ,a/k/a Ganesh|Ganesh|Ganesh V.,29,M,KA-MGL,Dakshina Kannada,STN-KA-MGL-0027,12.52957,75.308391,low,property,TRESPASS|VEH_THEFT|THEFT,6.3,0.25,experienced,False,,False,,0,0,True,False,fake_delivery,night_1900_2200,bus_stand,auto_rickshaw,none,livestock,2,True
CRM-0000146,CIT-00004586,Nagaraj Nambiar,ಯೋಗೇಶ್ ಜೋಶಿ,Nagaraj N.,51,M,KA-RBG,Dharwad,STN-KA-RBG-0009,15.382373,75.125044,medium,property,THEFT|BURGLARY|VEH_THEFT,29.1,0.45,experienced,False,,False,,8,0,True,False,social_engineering,night_1900_2200,railway_station,unknown,none,livestock,3,True
CRM-0000147,CIT-00002496,Shruthi Tantri,ಕವಿತಾ ನಾಯ್ಕ್,Shruthi|Shruthi T.|ಕವಿತಾ ನಾಯ್ಕ್,71,F,KA-BLR2,Ballari,STN-KA-BLR2-0013,14.848986,77.091238,high,property,THEFT|BURGLARY|VEH_THEFT,105.9,0.65,emerging,True,GANG-0003,False,CRM-0000209|CRM-0000111|CRM-0000148|CRM-0000192|CRM-0000052|CRM-0000240|CRM-0000173|CRM-0000191|CRM-0000137|CRM-0000189,5,0,True,False,tunneling,night_1900_2200,bank,car,none,livestock,2,True
CRM-0000148,CIT-00004089,Ramesh Hegde,ಅಜಯ್ ಅಡಿಗ,ಅಜಯ್ ಅಡಿಗ|Ramesh,40,M,KA-BLR2,Ballari,STN-KA-BLR2-0017,14.952679,76.527496,very_high,property,TRESPASS|THEFT|BURGLARY,173.1,0.8,active,True,GANG-0003,False,CRM-0000209|CRM-0000111|CRM-0000147|CRM-0000192|CRM-0000052|CRM-0000240|CRM-0000173|CRM-0000191|CRM-0000137|CRM-0000189,40,0,True,False,forced_entry,mid_morning_0900_1200,street,motorcycle,none,vehicle,1,False
CRM-0000149,CIT-00002492,Rekha Adiga,ಸುಮ಼ಾ ಸ್ವಾಮಿ,R. Adiga|ಸುಮ಼ಾ ಸ್ವಾಮಿ,57,F,KA-BLR,Bengaluru Urban,STN-KA-BLR-0005,13.036213,77.397669,medium,property,THEFT|TRESPASS|VEH_THEFT,37.9,0.45,retired,False,,False,,8,0,False,False,social_engineering,mid_morning_0900_1200,apartment,motorcycle,none,mobile_phone,2,False
CRM-0000150,CIT-00003280,Satish Murthy,ರಾಘವೇಂದ್ರ ಅಡಿಗ,@Satish|Satish M.|Satish,41,M,KA-MGL,Dakshina Kannada,STN-KA-MGL-0000,12.422593,75.2193,high,violent,ASSAULT|ROBBERY|CHAIN,110.5,0.65,active,True,GANG-0000,False,CRM-0000181|CRM-0000019|CRM-0000198|CRM-0000152|CRM-0000177|CRM-0000239|CRM-0000088,14,0,True,False,digital_access,early_morning_0400_0600,residential_house,unknown,country_bomb,vehicle,1,True
CRM-0000151,CIT-00003563,Anita Joshi,ಸುಮ಼ಾ ಕಾಮತ್,Anita J.|ಸುಮ಼ಾ ಕಾಮತ್|A. Joshi,44,F,KA-BLR,Bengaluru Urban,STN-KA-BLR-0029,13.09887,77.684852,low,violent,RIOTING|CHAIN|ASSAULT,10.6,0.25,active,False,,False,,2,0,True,False,front_door,night_1900_2200,street,motorcycle,knife,none,2,True
CRM-0000152,CIT-00000628,Vinay Singh,ಅಜಯ್ ಕೃಷ್ಣಮೂರ್ತಿ,Vinay S.,16,M,KA-MGL,Dakshina Kannada,STN-KA-MGL-0014,12.831538,75.326973,medium,violent,DACOITY|ASSAULT|CHAIN,43.3,0.45,emerging,True,GANG-0000,False,CRM-0000181|CRM-0000019|CRM-0000198|CRM-0000177|CRM-0000239|CRM-0000088|CRM-0000150,2,0,True,False,forced_entry,night_1900_2200,market,on_foot,bare_hands,livestock,3,True
CRM-0000153,CIT-00003633,Kiran Thakur,ರಾಜೇಶ್ ಅರಸ್,Kiran T.|K. Thakur,53,M,KA-KLP,Kalaburagi,STN-KA-KLP-0015,17.560439,77.005777,high,property,THEFT|BURGLARY|ARSON,72.2,0.65,retired,False,,False,,11,0,False,False,front_door,late_night_2200_0400,school,public_bus,none,mobile_phone,2,True
CRM-0000154,CIT-00002716,Sneha Lingayat,ನಿರ್ಮಲಾ ನಾಯ್ಕ್,Sneha,67,F,KA-RBG,Dharwad,STN-KA-RBG-0001,15.524371,75.183574,high,property,ARSON|TRESPASS|VEH_THEFT,73.0,0.65,active,False,,False,,5,0,True,False,forced_entry,night_1900_2200,apartment,motorcycle,none,mobile_phone,4,True
CRM-0000155,CIT-00004397,Naveen Singh,ಅನಿಲ್ ಪ್ರಭು,ಅನಿಲ್ ಪ್ರಭು|Naveen Sg.|N. Singh,59,M,KA-BLR,Bengaluru Urban,STN-KA-BLR-0027,13.012564,77.633138,medium,violent,RIOTING|CHAIN|ASSAULT,38.0,0.45,experienced,False,,False,,3,0,True,False,digital_access,late_night_2200_0400,railway_station,on_foot,iron_rod,cash,5,True
CRM-0000156,CIT-00003171,Basavaraj Verma,ಗೌರವ್ ಕಾಮತ್,Basavaraj V.,22,M,KA-HBL,Hubballi-Dharwad,STN-KA-HBL-0028,15.087864,75.33058,high,fraud,FRAUD|CYBER|ATM_FRAUD,46.3,0.65,emerging,False,,False,,17,0,True,False,digital_access,afternoon_1200_1600,bus_stand,unknown,none,none,3,False
CRM-0000157,CIT-00001333,Srikanth Hegde,ರಾಘವೇಂದ್ರ ಲಿಂಗಾಯತ್,Sriknth Hegde|Srikanth H.,17,M,KA-BLG,Belagavi,STN-KA-BLG-0015,16.041984,74.450514,low,violent,ASSAULT|DACOITY|ROBBERY,7.6,0.25,emerging,False,,False,,1,0,True,False,tunneling,late_night_2200_0400,bus_stand,auto_rickshaw,none,electronics,3,True
CRM-0000158,CIT-00004871,Pooja Naik,ಅಮಲಾ ಕುಮಾರ್,Pooja N.,64,F,KA-HSN,Hassan,STN-KA-HSN-0000,12.835008,76.393284,low,fraud,ATM_FRAUD|CYBER|FRAUD,14.2,0.25,retired,False,,False,,3,0,False,False,social_engineering,early_morning_0400_0600,school,unknown,none,cash,3,True
CRM-0000159,CIT-00002015,Priya Verma,ಅಮಲಾ ಜೋಶಿ,Priya|Priya V.|@Priya,42,F,KA-CKM,Chikkamagaluru,STN-KA-CKM-0005,13.251345,75.981521,low,violent,ROBBERY|CHAIN|ASSAULT,14.4,0.25,emerging,False,,False,,1,0,True,False,window_entry,early_morning_0400_0600,shop,on_foot,knife,none,5,True
CRM-0000160,CIT-00002877,Anita Bhat,ಜ್ಯೋತಿ ಕಾಮತ್,Anita B.,24,F,KA-MGL,Dakshina Kannada,STN-KA-MGL-0002,12.48392,75.489686,low,fraud,ATM_FRAUD|FRAUD|CYBER,6.6,0.25,experienced,False,,False,,1,0,True,False,social_engineering,night_1900_2200,shop,public_bus,none,mixed_valuables,2,True
CRM-0000161,CIT-00001282,Vinay Rao,ಅನಿಲ್ ಕುಮಾರ್,Vinay R.,74,M,KA-HBL,Hubballi-Dharwad,STN-KA-HBL-0010,15.072205,75.031967,medium,narcotics,NARCOTICS|POSSESS,29.4,0.45,retired,False,,False,,3,0,False,False,rear_entry,evening_1600_1900,bus_stand,public_bus,none,mixed_valuables,1,False
CRM-0000162,CIT-00002803,Satish Aras,ಅರ್ಜುನ್ ವೊಕ್ಕಲಿಗ,ಅರ್ಜುನ್ ವೊಕ್ಕಲಿಗ|Satish,42,M,KA-BLG,Belagavi,STN-KA-BLG-0024,15.820275,74.255845,very_high,fraud,CYBER|FRAUD|ATM_FRAUD,232.6,0.8,experienced,False,,False,,11,0,True,False,social_engineering,mid_morning_0900_1200,hospital,bicycle,none,vehicle,1,False
CRM-0000163,CIT-00001743,Naveen Rao,ಆಕಾಶ್ ತಂತ್ರಿ,a/k/a Naveen|ಆಕಾಶ್ ತಂತ್ರಿ|Naveen R.,16,M,KA-MYS,Mysuru,STN-KA-MYS-0000,11.855784,76.764043,medium,opportunistic,THEFT|CHAIN|PICK,15.1,0.45,arrested,False,,False,,5,0,False,True,fake_police,evening_1600_1900,residential_house,bicycle,none,mobile_phone,1,False
CRM-0000164,CIT-00001975,Prashanth Rao,ವಿನಯ್ ಮೂರ್ತಿ,Proshanth Rao|P. Rao,37,M,KA-BLR,Bengaluru Urban,STN-KA-BLR-0000,12.791258,77.508702,high,violent,ROBBERY|RIOTING|ASSAULT,63.0,0.65,retired,False,,False,,15,0,False,False,front_door,late_night_2200_0400,street,bicycle,country_bomb,mobile_phone,4,True
CRM-0000165,CIT-00003382,Radha Aras,ಕವಿತಾ ಭಟ್,Rdha Aras|Radha A.,30,F,KA-BLR,Bengaluru Urban,STN-KA-BLR-0027,13.012672,77.646705,low,fraud,CYBER|FRAUD|ATM_FRAUD,9.1,0.25,retired,False,,False,,2,0,False,False,fake_police,morning_0600_0900,bank,auto_rickshaw,none,mixed_valuables,2,False
CRM-0000166,CIT-00001029,Harsh Reddy,ಅನಿಲ್ ಶೆಟ್ಟಿ,H. Reddy|Harsh R.|Harsh,39,M,KA-BLR,Bengaluru Urban,STN-KA-BLR-0051,13.141628,77.76609,high,opportunistic,DRUNK_DRV|THEFT|CHAIN,58.6,0.65,active,False,,False,,12,0,True,False,fake_delivery,morning_0600_0900,street,car,none,mobile_phone,2,False
CRM-0000167,CIT-00004771,Akash Vokkaliga,ಅಭಿಷೇಕ್ ಮೂರ್ತಿ,a/k/a Akash,31,M,KA-BLR,Bengaluru Urban,STN-KA-BLR-0000,12.847869,77.490108,low,violent,ASSAULT|CHAIN|ROBBERY,14.2,0.25,juvenile,False,,False,,2,0,True,False,rear_entry,night_1900_2200,residential_house,unknown,knife,cash,2,True
CRM-0000168,CIT-00000658,Vikram Krishnamurthy,ಬಸವರಾಜ್ ಶಾಸ್ತ್ರಿ,V. Krishnamurthy|Vikram K.,52,M,KA-CKM,Chikkamagaluru,STN-KA-CKM-0008,13.204971,75.657357,medium,fraud,ATM_FRAUD|CYBER|FRAUD,19.7,0.45,emerging,False,,False,,6,0,True,False,digital_access,late_night_2200_0400,bank,car,none,none,2,True
CRM-0000169,CIT-00000089,Vinay Rao,ನಾಗರಾಜ್ ಭಟ್,ನಾಗರಾಜ್ ಭಟ್|Vinay|V1nay Rao,42,M,KA-KLR,Kolar,STN-KA-KLR-0008,13.140415,78.368765,low,opportunistic,DRUNK_DRV|PICK|THEFT,14.6,0.25,active,False,,False,,1,0,True,False,rear_entry,night_1900_2200,school,bicycle,none,documents,4,True
CRM-0000170,CIT-00001892,Shantha Vokkaliga,ಸರಿತಾ ನಾಯ್ಕ್,@Shantha|Shanthe Vokkaliga|Shantha,18,F,KA-BLR,Bengaluru Urban,STN-KA-BLR-0044,13.041639,77.616587,medium,narcotics,NARCOTICS|POSSESS,44.4,0.45,active,False,,False,,2,0,True,False,tunneling,early_morning_0400_0600,vehicle_parked,bicycle,none,laptop,1,True
CRM-0000171,CIT-00000573,Vikram Vokkaliga,ಗೌರವ್ ನಾಯ್ಕ್,Vikram|V. Vokkaliga,30,M,KA-CKM,Chikkamagaluru,STN-KA-CKM-0002,13.390712,75.894752,very_high,property,TRESPASS|BURGLARY|ARSON,258.7,0.8,experienced,False,,False,,28,0,True,False,forced_entry,evening_1600_1900,school,car,none,mobile_phone,3,False
CRM-0000172,CIT-00004036,Sujatha Vokkaliga,ಸೀತಾ ಹೆಗಡೆ,Sujatha|Sujetha Vokkaliga|Sujatha V.,29,F,KA-RBG,Dharwad,STN-KA-RBG-0024,15.608641,74.924859,high,property,TRESPASS|ARSON|VEH_THEFT,76.0,0.65,emerging,False,,False,,2,0,True,False,social_engineering,night_1900_2200,shop,unknown,none,mixed_valuables,1,True
CRM-0000173,CIT-00002625,Geetha Adiga,ಕವಿತಾ ದೇಸಾಯಿ,Geetha A.,34,F,KA-BLR2,Ballari,STN-KA-BLR2-0002,14.989864,77.115871,medium,violent,ASSAULT|CHAIN|ROBBERY,22.1,0.45,experienced,True,GANG-0003,False,CRM-0000209|CRM-0000111|CRM-0000147|CRM-0000148|CRM-0000192|CRM-0000052|CRM-0000240|CRM-0000191|CRM-0000137|CRM-0000189,4,0,True,False,fake_delivery,morning_0600_0900,hospital,motorcycle,iron_rod,laptop,2,False
CRM-0000174,CIT-00001669,Nitya Rao,ಸಂಗೀತಾ ಅಡಿಗ,N. Rao|Nitya,39,F,KA-BLR-R,Bengaluru Rural,STN-KA-BLR-R-0001,13.471733,77.390894,low,property,ARSON|VEH_THEFT|THEFT,11.6,0.25,experienced,False,,False,,0,0,True,False,roof_entry,night_1900_2200,residential_house,public_bus,none,none,2,True
CRM-0000175,CIT-00004354,Meera Krishnamurthy,ಅನಿತಾ ಪಾಟೀಲ್,M. Krishnamurthy|ಅನಿತಾ ಪಾಟೀಲ್,49,F,KA-BLR-R,Bengaluru Rural,STN-KA-BLR-R-0015,13.488116,77.282768,medium,narcotics,POSSESS|NARCOTICS,25.9,0.45,notorious,True,GANG-0004,True,,7,0,True,False,front_door,morning_0600_0900,bank,unknown,none,laptop,1,False
CRM-0000176,CIT-00001195,Sneha Adiga,ಸುಜಾತಾ ಗೌಡ,Sneha|S. Adiga|@Sneha,17,F,KA-BLR,Bengaluru Urban,STN-KA-BLR-0018,12.863074,77.540639,medium,property,ARSON|BURGLARY|TRESPASS,35.1,0.45,experienced,False,,False,,3,0,True,False,tunneling,night_1900_2200,bank,bicycle,none,documents,2,True
CRM-0000177,CIT-00003013,Jyothi Shastri,ಅಂಜಲಿ ರೆಡ್ಡಿ,ಅಂಜಲಿ ರೆಡ್ಡಿ,17,F,KA-MGL,Dakshina Kannada,STN-KA-MGL-0027,12.477353,75.29094,very_high,narcotics,NARCOTICS|POSSESS,251.9,0.8,active,True,GANG-0000,False,CRM-0000181|CRM-0000019|CRM-0000198|CRM-0000152|CRM-0000239|CRM-0000088|CRM-0000150,27,0,True,False,fake_delivery,late_night_2200_0400,residential_house,unknown,none,laptop,2,True
CRM-0000178,CIT-00004283,Madhu Lingayat,ಶಾಂತಾ ಹೆಗಡೆ,ಶಾಂತಾ ಹೆಗಡೆ|Modhu Lingayat|M. Lingayat,18,F,KA-TKR,Tumakuru,STN-KA-TKR-0006,13.465322,76.831764,medium,fraud,ATM_FRAUD|FRAUD|CYBER,37.4,0.45,active,False,,False,,7,0,True,False,digital_access,evening_1600_1900,atm,car,none,mobile_phone,1,False
CRM-0000179,CIT-00003154,Shruthi Singh,ಶಾಂತಾ ಸ್ವಾಮಿ,S. Singh|Shruthi S.|alias Shruthi,73,F,KA-MYS,Mysuru,STN-KA-MYS-0015,11.876271,76.873307,low,fraud,CYBER|ATM_FRAUD|FRAUD,10.3,0.25,arrested,False,,False,,2,0,False,True,fake_police,late_night_2200_0400,hospital,on_foot,none,laptop,2,True
CRM-0000180,CIT-00003334,Raghavendra Joshi,ವಿಕ್ರಮ್ ಜೋಶಿ,alias Raghavendra,51,M,KA-BLG,Belagavi,STN-KA-BLG-0029,15.819159,74.568217,high,violent,ROBBERY|CHAIN|ASSAULT,53.6,0.65,notorious,False,,False,,6,0,True,False,window_entry,mid_morning_0900_1200,atm,on_foot,iron_rod,vehicle,4,False
CRM-0000181,CIT-00002034,Naveen Shastri,ಸತೀಶ್ ಕೃಷ್ಣಮೂರ್ತಿ,Aveen Shastri|Naveen S.,20,M,KA-MGL,Dakshina Kannada,STN-KA-MGL-0000,12.465748,75.172452,medium,narcotics,POSSESS|NARCOTICS,20.4,0.45,active,True,GANG-0000,True,,8,0,True,False,social_engineering,early_morning_0400_0600,bus_stand,motorcycle,none,mobile_phone,2,True
CRM-0000182,CIT-00001786,Deepa Murthy,ಸರಿತಾ ತಂತ್ರಿ,D. Murthy,65,F,KA-BLR,Bengaluru Urban,STN-KA-BLR-0027,12.991597,77.638771,medium,property,TRESPASS|VEH_THEFT|BURGLARY,41.4,0.45,arrested,False,,False,,1,0,False,True,open_access,late_night_2200_0400,bus_stand,unknown,none,cash,1,True
CRM-0000183,CIT-00001670,Mohan Nayak,ಬಸವರಾಜ್ ಶಾಸ್ತ್ರಿ,Maha Nayak|ಬಸವರಾಜ್ ಶಾಸ್ತ್ರಿ|Mohan N.,70,M,KA-BLR,Bengaluru Urban,STN-KA-BLR-0035,13.045396,77.4269,medium,property,BURGLARY|THEFT|VEH_THEFT,24.7,0.45,experienced,False,,False,,0,0,True,False,open_access,late_night_2200_0400,shop,public_bus,none,none,2,True
CRM-0000184,CIT-00000210,Vikram Shastri,ಅನಿಲ್ ರೆಡ್ಡಿ,V. Shastri,24,M,KA-BDR,Bidar,STN-KA-BDR-0006,18.176951,77.287736,medium,fraud,CYBER|ATM_FRAUD|FRAUD,18.4,0.45,notorious,True,GANG-0004,False,CRM-0000175|CRM-0000221|CRM-0000002|CRM-0000188|CRM-0000034|CRM-0000038|CRM-0000226|CRM-0000107|CRM-0000106,0,0,True,False,fake_police,morning_0600_0900,temple,car,none,livestock,3,False
CRM-0000185,CIT-00003074,Swathi Desai,ಸ್ವಾತಿ ಹೆಗಡೆ,Swath1 Desai|Swathi D.|Swathi,23,F,KA-BLR2,Ballari,STN-KA-BLR2-0022,15.246778,77.035356,high,violent,CHAIN|ASSAULT|DACOITY,70.7,0.65,juvenile,False,,False,,18,0,True,False,window_entry,night_1900_2200,school,unknown,country_bomb,mixed_valuables,3,True
CRM-0000186,CIT-00000031,Saritha Thakur,ಸ್ನೇಹಾ ಕಾಮತ್,Saritha T.|ಸ್ನೇಹಾ ಕಾಮತ್|@Saritha,44,F,KA-BLR,Bengaluru Urban,STN-KA-BLR-0026,12.975397,77.734888,high,fraud,FRAUD|ATM_FRAUD|CYBER,73.5,0.65,experienced,False,,False,,1,0,True,False,fake_police,afternoon_1200_1600,vehicle_parked,bicycle,none,vehicle,3,False
CRM-0000187,CIT-00000041,Bharathi Sharma,ಸರಿತಾ ದೇಸಾಯಿ,Bharth Sharma,43,F,KA-BLR2,Ballari,STN-KA-BLR2-0018,15.466234,76.586927,low,property,TRESPASS|BURGLARY|ARSON,7.3,0.25,active,False,,False,,3,0,True,False,front_door,early_morning_0400_0600,market,car,none,vehicle,3,True
CRM-0000188,CIT-00002045,Pooja Joshi,ಪೂಜಾ ಅಡಿಗ,P. Joshi|Paoja Joshi,36,F,KA-BLG,Belagavi,STN-KA-BLG-0007,16.37074,75.024301,medium,violent,ROBBERY|ASSAULT|CHAIN,17.7,0.45,experienced,True,GANG-0004,False,CRM-0000175|CRM-0000221|CRM-0000002|CRM-0000034|CRM-0000038|CRM-0000226|CRM-0000184|CRM-0000107|CRM-0000106,5,0,True,False,forced_entry,night_1900_2200,hospital,auto_rickshaw,bare_hands,vehicle,5,True
CRM-0000189,CIT-00001957,Basavaraj Murthy,ಅಭಿಷೇಕ್ ತಂತ್ರಿ,ಅಭಿಷೇಕ್ ತಂತ್ರಿ|Besavarej Murthy|Bsavaraj Murthy,26,M,KA-BLR2,Ballari,STN-KA-BLR2-0007,14.953047,76.537557,high,property,ARSON|TRESPASS|VEH_THEFT,100.0,0.65,active,True,GANG-0003,False,CRM-0000209|CRM-0000111|CRM-0000147|CRM-0000148|CRM-0000192|CRM-0000052|CRM-0000240|CRM-0000173|CRM-0000191|CRM-0000137,7,0,True,False,fake_police,mid_morning_0900_1200,railway_station,auto_rickshaw,none,vehicle,2,False
CRM-0000190,CIT-00004164,Sandeep Lingayat,ಶಿವಕುಮಾರ್ ಲಿಂಗಾಯತ್,alias Sandeep|Sandeep L.|ಶಿವಕುಮಾರ್ ಲಿಂಗಾಯತ್,34,M,KA-HBL,Hubballi-Dharwad,STN-KA-HBL-0005,14.995534,75.049494,low,fraud,ATM_FRAUD|FRAUD|CYBER,14.5,0.25,notorious,False,,False,,2,0,True,False,social_engineering,night_1900_2200,temple,auto_rickshaw,none,cash,3,True
CRM-0000191,CIT-00000097,Sangeetha Joshi,ಮಧು ಸ್ವಾಮಿ,S. Joshi,21,F,KA-BLR2,Ballari,STN-KA-BLR2-0021,15.531075,77.211508,medium,opportunistic,THEFT|PICK|CHAIN,33.4,0.45,experienced,True,GANG-0003,False,CRM-0000209|CRM-0000111|CRM-0000147|CRM-0000148|CRM-0000192|CRM-0000052|CRM-0000240|CRM-0000173|CRM-0000137|CRM-0000189,0,0,True,False,rear_entry,afternoon_1200_1600,bank,motorcycle,none,mixed_valuables,1,False
CRM-0000192,CIT-00002659,Yogesh Kumar,ಸಂದೀಪ್ ಅಯ್ಯರ್,Yogesh|Yogesh K.|Y. Kumar,48,M,KA-BLR2,Ballari,STN-KA-BLR2-0005,15.56992,76.70916,medium,property,THEFT|VEH_THEFT|ARSON,21.5,0.45,juvenile,True,GANG-0003,False,CRM-0000209|CRM-0000111|CRM-0000147|CRM-0000148|CRM-0000052|CRM-0000240|CRM-0000173|CRM-0000191|CRM-0000137|CRM-0000189,1,0,True,False,digital_access,late_night_2200_0400,bus_stand,unknown,none,mixed_valuables,4,True
CRM-0000193,CIT-00003170,Abhishek Krishnamurthy,ದೀಪಕ್ ಹೆಗಡೆ,A. Krishnamurthy,56,M,KA-KLP,Kalaburagi,STN-KA-KLP-0019,17.535397,77.162034,very_high,property,ARSON|TRESPASS|VEH_THEFT,172.4,0.8,experienced,True,GANG-0002,False,CRM-0000140|CRM-0000228|CRM-0000242|CRM-0000085|CRM-0000016|CRM-0000023|CRM-0000061|CRM-0000238|CRM-0000217|CRM-0000204,37,0,True,False,rear_entry,late_night_2200_0400,shop,motorcycle,none,electronics,2,True
CRM-0000194,CIT-00001714,Radha Kamath,ಗೀತಾ ಕುಮಾರ್,Radho Kamath|Radha,45,F,KA-HBL,Hubballi-Dharwad,STN-KA-HBL-0012,15.189625,75.140112,low,property,VEH_THEFT|TRESPASS|BURGLARY,12.9,0.25,experienced,False,,False,,2,0,True,False,window_entry,late_night_2200_0400,bus_stand,on_foot,none,mixed_valuables,5,True
CRM-0000195,CIT-00002698,Raghavendra Reddy,ಶ್ರೀಕಾಂತ್ ನಂಬಿಯಾರ್,Raghavandr Reddy,68,M,KA-BLR,Bengaluru Urban,STN-KA-BLR-0056,12.829367,77.574326,medium,property,VEH_THEFT|BURGLARY|ARSON,31.3,0.45,active,False,,False,,6,0,True,False,roof_entry,early_morning_0400_0600,residential_house,unknown,none,mobile_phone,3,True
CRM-0000196,CIT-00001115,Priya Kumar,ಸುಜಾತಾ ಅರಸ್,Priya K.|ಸುಜಾತಾ ಅರಸ್,26,F,KA-CHT,Chamarajanagara,STN-KA-CHT-0004,11.991511,76.541159,low,property,THEFT|BURGLARY|VEH_THEFT,10.8,0.25,experienced,False,,False,,2,0,True,False,window_entry,late_night_2200_0400,vehicle_parked,public_bus,none,mobile_phone,2,True
CRM-0000197,CIT-00000718,Amala Joshi,ಅನಿತಾ ವೊಕ್ಕಲಿಗ,Onala Joshi|@Amala,31,F,KA-RCR,Raichur,STN-KA-RCR-0012,16.348924,77.432856,medium,violent,CHAIN|ASSAULT|DACOITY,33.5,0.45,notorious,False,,False,,6,0,True,False,tunneling,night_1900_2200,railway_station,public_bus,none,none,1,True
CRM-0000198,CIT-00000899,Basavaraj Tantri,ಕಿರಣ್ ಗೌಡ,Basavrj Tantri|Basavaraj T.|Basavaraj,17,M,KA-MGL,Dakshina Kannada,STN-KA-MGL-0000,12.419281,75.196633,medium,property,ARSON|BURGLARY|THEFT,27.8,0.45,juvenile,True,GANG-0000,False,CRM-0000181|CRM-0000019|CRM-0000152|CRM-0000177|CRM-0000239|CRM-0000088|CRM-0000150,7,0,True,False,forced_entry,early_morning_0400_0600,vehicle_parked,on_foot,none,vehicle,5,True
CRM-0000199,CIT-00000673,Anil Prabhu,ಮಂಜುನಾಥ್ ಅರಸ್,Anil,22,M,KA-BLR,Bengaluru Urban,STN-KA-BLR-0051,13.113576,77.743183,medium,property,ARSON|TRESPASS|BURGLARY,22.5,0.45,active,False,,False,,3,0,True,False,social_engineering,night_1900_2200,temple,auto_rickshaw,none,documents,1,True
CRM-0000200,CIT-00004268,Jyothi Patil,ಮೀರಾ ಶಾಸ್ತ್ರಿ,Jyothi P.,20,F,KA-BLR,Bengaluru Urban,STN-KA-BLR-0045,13.046143,77.790985,low,violent,CHAIN|ASSAULT|RIOTING,14.6,0.25,active,False,,False,,3,0,True,False,tunneling,early_morning_0400_0600,school,auto_rickshaw,iron_rod,laptop,2,True
CRM-0000201,CIT-00003905,Prakash Joshi,ದೀಪಕ್ ರಾವ್,Prakash J.,67,M,KA-HBL,Hubballi-Dharwad,STN-KA-HBL-0012,15.144036,75.144009,very_high,narcotics,NARCOTICS|POSSESS,266.8,0.8,retired,False,,False,,32,0,False,False,fake_police,evening_1600_1900,bus_stand,unknown,none,cash,3,False
CRM-0000202,CIT-00000492,Sandeep Vokkaliga,ಮೋಹನ್ ಭಟ್,ಮೋಹನ್ ಭಟ್|Sndeap Vokkaliga,24,M,KA-BLR,Bengaluru Urban,STN-KA-BLR-0010,12.891582,77.589191,medium,violent,RIOTING|ROBBERY|DACOITY,22.3,0.45,active,False,,False,,2,0,True,False,fake_delivery,mid_morning_0900_1200,apartment,bicycle,bare_hands,livestock,1,False
CRM-0000203,CIT-00004188,Umesh Aras,ಅನಿಲ್ ವೊಕ್ಕಲಿಗ,Umesh A.,25,M,KA-BLR,Bengaluru Urban,STN-KA-BLR-0046,13.163798,77.720892,low,property,THEFT|ARSON|TRESPASS,8.9,0.25,experienced,False,,False,,1,0,True,False,digital_access,late_night_2200_0400,school,unknown,none,none,1,True
CRM-0000204,CIT-00001098,Anjali Singh,ಲಕ್ಷ್ಮಿ ಅಯ್ಯರ್,ಲಕ್ಷ್ಮಿ ಅಯ್ಯರ್|A. Singh,17,F,KA-KLP,Kalaburagi,STN-KA-KLP-0004,17.040797,76.992023,medium,narcotics,POSSESS|NARCOTICS,16.4,0.45,active,True,GANG-0002,False,CRM-0000140|CRM-0000193|CRM-0000228|CRM-0000242|CRM-0000085|CRM-0000016|CRM-0000023|CRM-0000061|CRM-0000238|CRM-0000217,5,0,True,False,social_engineering,evening_1600_1900,vehicle_parked,public_bus,none,mobile_phone,2,False
CRM-0000205,CIT-00002730,Anita Vokkaliga,ಸುಮ಼ಾ ಗೌಡ,A. Vokkaliga|Anita|Anita V.,55,F,KA-BLG,Belagavi,STN-KA-BLG-0018,15.817006,74.474275,low,property,ARSON|VEH_THEFT|BURGLARY,8.4,0.25,emerging,False,,False,,2,0,True,False,front_door,night_1900_2200,vehicle_parked,car,none,mixed_valuables,2,True
CRM-0000206,CIT-00000299,Manjunath Gowda,ಸಂದೀಪ್ ಲಿಂಗಾಯತ್,@Manjunath,26,M,KA-RMN,Ramanagara,STN-KA-RMN-0013,12.966616,77.413671,high,violent,ASSAULT|DACOITY|ROBBERY,49.2,0.65,emerging,False,,False,,11,0,True,False,roof_entry,night_1900_2200,bank,on_foot,iron_rod,cash,2,True
CRM-0000207,CIT-00002506,Shruthi Singh,ಸ್ವಾತಿ ಜೋಶಿ,Shruthi S.,33,F,KA-BLR2,Ballari,STN-KA-BLR2-0021,15.543812,77.20685,low,violent,ROBBERY|DACOITY|CHAIN,10.8,0.25,active,False,,False,,2,0,True,False,digital_access,late_night_2200_0400,school,car,none,cash,2,True
CRM-0000208,CIT-00003561,Anil Tantri,ಶಿವಕುಮಾರ್ ಹೆಗಡೆ,A. Tantri|Anil T.,27,M,KA-BLR,Bengaluru Urban,STN-KA-BLR-0008,13.081235,77.427181,medium,fraud,CYBER|FRAUD|ATM_FRAUD,18.6,0.45,experienced,False,,False,,6,0,True,False,digital_access,afternoon_1200_1600,apartment,motorcycle,none,documents,1,False
CRM-0000209,CIT-00002482,Mohan Kamath,ರಾಮೇಶ್ ಭಟ್,Mohan,70,M,KA-BLR2,Ballari,STN-KA-BLR2-0021,15.585396,77.150708,very_high,property,TRESPASS|BURGLARY|VEH_THEFT,277.2,0.8,emerging,True,GANG-0003,True,,31,0,True,False,digital_access,mid_morning_0900_1200,school,motorcycle,none,gold_jewellery,4,False
CRM-0000210,CIT-00002650,Swathi Desai,ಶಾಂತಾ ಜೋಶಿ,ಶಾಂತಾ ಜೋಶಿ|Swathi D.,30,F,KA-HBL,Hubballi-Dharwad,STN-KA-HBL-0022,15.599169,75.174787,medium,narcotics,NARCOTICS|POSSESS,28.1,0.45,active,False,,False,,1,0,True,False,open_access,mid_morning_0900_1200,residential_house,public_bus,none,mixed_valuables,3,False
CRM-0000211,CIT-00004208,Prashanth Adiga,ಮೋಹನ್ ಕುಮಾರ್,P. Adiga,52,M,KA-BLR,Bengaluru Urban,STN-KA-BLR-0051,13.140452,77.712243,high,property,ARSON|VEH_THEFT|TRESPASS,52.7,0.65,active,False,,False,,14,0,True,False,rear_entry,early_morning_0400_0600,shop,unknown,none,cash,1,True
CRM-0000212,CIT-00000226,Kavitha Hegde,ಸ್ವಾತಿ ನಾಯ್ಕ್,Kavitha|Kavitha H.|K. Hegde,40,F,KA-UDR,Udupi,STN-KA-UDR-0015,13.660825,74.994424,low,property,VEH_THEFT|THEFT|TRESPASS,13.0,0.25,active,False,,False,,1,0,True,False,tunneling,night_1900_2200,railway_station,motorcycle,none,none,3,True
CRM-0000213,CIT-00002669,Srikanth Nayak,ಗಣೇಶ್ ನಾಯ್ಕ್,S. Nayak,57,M,KA-UDR,Udupi,STN-KA-UDR-0023,13.765949,74.890725,high,property,BURGLARY|THEFT|TRESPASS,57.7,0.65,active,True,GANG-0001,False,CRM-0000095|CRM-0000070|CRM-0000057|CRM-0000040|CRM-0000235,2,0,True,False,digital_access,early_morning_0400_0600,bus_stand,bicycle,none,cash,3,True
CRM-0000214,CIT-00003244,Sandeep Lingayat,ಹರ್ಷ ಕೃಷ್ಣಮೂರ್ತಿ,S. Lingayat|a/k/a Sandeep|Sandeep L.,66,M,KA-UDR,Udupi,STN-KA-UDR-0012,13.479423,74.949789,medium,opportunistic,THEFT|PICK|DRUNK_DRV,24.2,0.45,experienced,False,,False,,1,0,True,False,digital_access,mid_morning_0900_1200,street,public_bus,none,electronics,2,False
CRM-0000215,CIT-00000885,Geetha Kumar,ಶೃತಿ ಹೆಗಡೆ,Geetha K.,74,F,KA-RBG,Dharwad,STN-KA-RBG-0008,15.317783,75.193287,low,property,VEH_THEFT|TRESPASS|ARSON,13.2,0.25,active,False,,False,,2,0,True,False,social_engineering,night_1900_2200,atm,unknown,none,cash,2,True
CRM-0000216,CIT-00000746,Sandeep Sharma,ದೀಪಕ್ ದೇಸಾಯಿ,ದೀಪಕ್ ದೇಸಾಯಿ|Sendeap Sharma|S. Sharma,21,M,KA-BLR,Bengaluru Urban,STN-KA-BLR-0056,12.89246,77.634505,low,violent,CHAIN|ROBBERY|RIOTING,11.1,0.25,active,False,,False,,1,0,True,False,tunneling,night_1900_2200,apartment,on_foot,iron_rod,livestock,1,True
CRM-0000217,CIT-00002082,Madhu Adiga,ಅನಿತಾ ಪಾಟೀಲ್,ಅನಿತಾ ಪಾಟೀಲ್|alias Madhu|M. Adiga,37,F,KA-KLP,Kalaburagi,STN-KA-KLP-0004,17.041873,77.006207,medium,opportunistic,CHAIN|THEFT|PICK,26.2,0.45,experienced,True,GANG-0002,False,CRM-0000140|CRM-0000193|CRM-0000228|CRM-0000242|CRM-0000085|CRM-0000016|CRM-0000023|CRM-0000061|CRM-0000238|CRM-0000204,2,0,True,False,roof_entry,night_1900_2200,apartment,car,none,livestock,1,True
CRM-0000218,CIT-00000599,Priya Pillai,ಜ್ಯೋತಿ ಅಯ್ಯರ್,Priya,52,F,KA-SHV,Shivamogga,STN-KA-SHV-0012,13.983204,75.150349,high,fraud,FRAUD|CYBER|ATM_FRAUD,59.3,0.65,experienced,False,,False,,3,0,True,False,fake_police,early_morning_0400_0600,market,bicycle,none,documents,1,True
CRM-0000219,CIT-00003230,Vinay Shetty,ರಾಮೇಶ್ ರೆಡ್ಡಿ,@Vinay,66,M,KA-BLR2,Ballari,STN-KA-BLR2-0013,14.848018,77.138396,low,violent,DACOITY|RIOTING|ASSAULT,12.1,0.25,active,False,,False,,1,0,True,False,window_entry,mid_morning_0900_1200,residential_house,public_bus,iron_rod,documents,3,False
CRM-0000220,CIT-00003701,Ajay Prabhu,ಬಸವರಾಜ್ ಲಿಂಗಾಯತ್,@Ajay|A. Prabhu|ಬಸವರಾಜ್ ಲಿಂಗಾಯತ್,45,M,KA-UDR,Udupi,STN-KA-UDR-0015,13.672788,74.962622,low,violent,ASSAULT|RIOTING|ROBBERY,10.5,0.25,emerging,False,,False,,0,0,True,False,digital_access,night_1900_2200,hospital,auto_rickshaw,iron_rod,cash,2,True
CRM-0000221,CIT-00001907,Swathi Nayak,ಸರಿತಾ ರಾವ್,Swathi|S. Nayak|alias Swathi,20,F,KA-BLR-R,Bengaluru Rural,STN-KA-BLR-R-0015,13.454493,77.328828,very_high,violent,ROBBERY|RIOTING|CHAIN,170.0,0.8,experienced,True,GANG-0004,False,CRM-0000175|CRM-0000002|CRM-0000188|CRM-0000034|CRM-0000038|CRM-0000226|CRM-0000184|CRM-0000107|CRM-0000106,19,0,True,False,fake_police,late_night_2200_0400,bank,unknown,firearm,cash,5,True
CRM-0000222,CIT-00003547,Ramesh Gowda,ಅರ್ಜುನ್ ಭಟ್,Ranash Gowda,60,M,KA-RBG,Dharwad,STN-KA-RBG-0013,15.378876,75.043614,low,narcotics,POSSESS|NARCOTICS,11.5,0.25,active,False,,False,,2,0,True,False,tunneling,morning_0600_0900,school,on_foot,none,none,4,False
CRM-0000223,CIT-00003115,Kiran Joshi,ಶಿವಕುಮಾರ್ ವೊಕ್ಕಲಿಗ,ಶಿವಕುಮಾರ್ ವೊಕ್ಕಲಿಗ|K. Joshi,29,M,KA-MGL,Dakshina Kannada,STN-KA-MGL-0011,12.808917,74.77131,low,property,ARSON|THEFT|TRESPASS,9.3,0.25,retired,False,,False,,2,0,False,False,digital_access,morning_0600_0900,shop,on_foot,none,mobile_phone,3,False
CRM-0000224,CIT-00002474,Abhishek Adiga,ಶ್ರೀಕಾಂತ್ ಕೃಷ್ಣಮೂರ್ತಿ,A. Adiga,45,M,KA-HBL,Hubballi-Dharwad,STN-KA-HBL-0014,15.312823,75.212422,medium,violent,CHAIN|ROBBERY|DACOITY,40.4,0.45,active,False,,False,,8,0,True,False,forced_entry,late_night_2200_0400,street,unknown,iron_rod,documents,3,True
CRM-0000225,CIT-00004349,Mahesh Gowda,ನವೀನ್ ರಾವ್,M. Gowda|ನವೀನ್ ರಾವ್|Mahesh Gwd.,24,M,KA-MYS,Mysuru,STN-KA-MYS-0012,12.036128,76.240203,low,property,BURGLARY|THEFT|TRESPASS,9.7,0.25,active,False,,False,,0,0,True,False,forced_entry,late_night_2200_0400,market,auto_rickshaw,none,documents,2,True
CRM-0000226,CIT-00000154,Prashanth Rao,ತೇಜಸ್ ಗೌಡ,ತೇಜಸ್ ಗೌಡ,68,M,KA-CTV,Chitradurga,STN-KA-CTV-0015,14.255755,77.019715,high,narcotics,NARCOTICS|POSSESS,79.0,0.65,experienced,True,GANG-0004,False,CRM-0000175|CRM-0000221|CRM-0000002|CRM-0000188|CRM-0000034|CRM-0000038|CRM-0000184|CRM-0000107|CRM-0000106,0,0,True,False,forced_entry,early_morning_0400_0600,vehicle_parked,public_bus,none,documents,1,True
CRM-0000227,CIT-00004037,Umesh Kamath,ಸಂದೀಪ್ ಉಡುಪ,ಸಂದೀಪ್ ಉಡುಪ,37,M,KA-BDR,Bidar,STN-KA-BDR-0013,17.999453,77.468402,medium,property,VEH_THEFT|ARSON|BURGLARY,32.7,0.45,emerging,False,,False,,3,0,True,False,window_entry,late_night_2200_0400,bank,auto_rickshaw,none,documents,3,True
CRM-0000228,CIT-00003734,Gaurav Sharma,ಬಸವರಾಜ್ ಹೆಗಡೆ,Gaurav Srm.|Gaurav,71,M,KA-KLP,Kalaburagi,STN-KA-KLP-0003,17.602246,77.418227,high,narcotics,NARCOTICS|POSSESS,51.9,0.65,retired,True,GANG-0002,False,CRM-0000140|CRM-0000193|CRM-0000242|CRM-0000085|CRM-0000016|CRM-0000023|CRM-0000061|CRM-0000238|CRM-0000217|CRM-0000204,5,0,False,False,front_door,evening_1600_1900,apartment,on_foot,none,gold_jewellery,5,False
CRM-0000229,CIT-00004593,Sandeep Singh,ಮಹೇಶ್ ಪಾಟೀಲ್,Sandeep S.|S. Singh,39,M,KA-BLR,Bengaluru Urban,STN-KA-BLR-0039,12.979244,77.731728,medium,property,ARSON|VEH_THEFT|BURGLARY,43.1,0.45,notorious,False,,False,,7,0,True,False,fake_delivery,early_morning_0400_0600,shop,auto_rickshaw,none,mixed_valuables,3,True
CRM-0000230,CIT-00004495,Amala Shastri,ಸೀತಾ ಗೌಡ,Amala S.|A. Shastri,43,F,KA-RBG,Dharwad,STN-KA-RBG-0023,15.346052,75.012699,high,opportunistic,THEFT|CHAIN|DRUNK_DRV,53.3,0.65,emerging,False,,False,,14,0,True,False,open_access,morning_0600_0900,apartment,car,none,vehicle,1,False
CRM-0000231,CIT-00000384,Naveen Desai,ಅರ್ಜುನ್ ಲಿಂಗಾಯತ್,Naveen D.|Naveen|N. Desai,63,M,KA-BLR,Bengaluru Urban,STN-KA-BLR-0013,12.893815,77.738091,low,fraud,FRAUD|ATM_FRAUD|CYBER,14.8,0.25,retired,False,,False,,3,0,False,False,fake_police,morning_0600_0900,atm,motorcycle,none,none,2,False
CRM-0000232,CIT-00001639,Gaurav Aras,ಪ್ರಶಾಂತ್ ಸ್ವಾಮಿ,ಪ್ರಶಾಂತ್ ಸ್ವಾಮಿ|Gaurav A.,72,M,KA-BLR,Bengaluru Urban,STN-KA-BLR-0014,12.966683,77.744075,low,property,THEFT|BURGLARY|TRESPASS,8.6,0.25,active,False,,False,,3,0,True,False,open_access,morning_0600_0900,residential_house,public_bus,none,livestock,3,False
CRM-0000233,CIT-00001526,Nitya Pillai,ಶೃತಿ ಕುಮಾರ್,@Nitya|N. Pillai,51,F,KA-KLP,Kalaburagi,STN-KA-KLP-0004,17.014525,77.008327,low,property,ARSON|THEFT|BURGLARY,6.7,0.25,experienced,False,,False,,0,0,True,False,fake_delivery,night_1900_2200,school,public_bus,none,cash,2,True
CRM-0000234,CIT-00003012,Suma Rao,ಸಂಗೀತಾ ಪ್ರಭು,S. Rao|Sum Rao|Suma,17,F,KA-HBL,Hubballi-Dharwad,STN-KA-HBL-0006,15.543965,74.799048,low,fraud,FRAUD|ATM_FRAUD|CYBER,9.1,0.25,experienced,False,,False,,1,0,True,False,fake_police,early_morning_0400_0600,bank,on_foot,none,vehicle,3,True
CRM-0000235,CIT-00000703,Umesh Shastri,ಅರ್ಜುನ್ ಭಟ್,@Umesh|ಅರ್ಜುನ್ ಭಟ್|Umash Shastri,43,M,KA-CHB,Chikkaballapura,STN-KA-CHB-0005,13.604303,78.02783,high,property,TRESPASS|VEH_THEFT|ARSON,98.2,0.65,active,True,GANG-0001,False,CRM-0000095|CRM-0000070|CRM-0000057|CRM-0000040|CRM-0000213,20,0,True,False,front_door,early_morning_0400_0600,railway_station,on_foot,none,electronics,1,True
CRM-0000236,CIT-00004795,Shivakumar Tantri,ರಾಘವೇಂದ್ರ ಅರಸ್,ರಾಘವೇಂದ್ರ ಅರಸ್|S. Tantri|Shivakumr Tantri,29,M,KA-BLR,Bengaluru Urban,STN-KA-BLR-0030,12.916884,77.586087,medium,violent,CHAIN|DACOITY|RIOTING,29.0,0.45,notorious,False,,False,,1,0,True,False,forced_entry,early_morning_0400_0600,shop,auto_rickshaw,knife,livestock,3,True
CRM-0000237,CIT-00000598,Shantha Prabhu,ಮಧು ಕಾಮತ್,Shanthe Prabhu,48,F,KA-BLR2,Ballari,STN-KA-BLR2-0017,14.999321,76.525097,medium,property,THEFT|TRESPASS|VEH_THEFT,43.7,0.45,active,True,GANG-0003,False,CRM-0000209|CRM-0000111|CRM-0000147|CRM-0000148|CRM-0000192|CRM-0000052|CRM-0000240|CRM-0000173|CRM-0000191|CRM-0000137,6,0,True,False,open_access,night_1900_2200,apartment,unknown,none,mixed_valuables,1,True
CRM-0000238,CIT-00000229,Anjali Sharma,ಪೂಜಾ ಪ್ರಭು,Anjali|ಪೂಜಾ ಪ್ರಭು,67,F,KA-KLP,Kalaburagi,STN-KA-KLP-0022,17.047274,77.261007,medium,violent,RIOTING|ROBBERY|CHAIN,35.2,0.45,retired,True,GANG-0002,False,CRM-0000140|CRM-0000193|CRM-0000228|CRM-0000242|CRM-0000085|CRM-0000016|CRM-0000023|CRM-0000061|CRM-0000217|CRM-0000204,7,0,False,False,fake_police,evening_1600_1900,residential_house,auto_rickshaw,iron_rod,mobile_phone,1,False
CRM-0000239,CIT-00000360,Nagaraj Udupi,ಪ್ರಶಾಂತ್ ರಾವ್,a/k/a Nagaraj|ಪ್ರಶಾಂತ್ ರಾವ್,56,M,KA-MGL,Dakshina Kannada,STN-KA-MGL-0028,12.535282,75.150192,medium,property,THEFT|TRESPASS|ARSON,40.3,0.45,emerging,True,GANG-0000,False,CRM-0000181|CRM-0000019|CRM-0000198|CRM-0000152|CRM-0000177|CRM-0000088|CRM-0000150,2,0,True,False,rear_entry,morning_0600_0900,vehicle_parked,motorcycle,none,mixed_valuables,1,False
CRM-0000240,CIT-00002455,Basavaraj Bhat,ವಿಕ್ರಮ್ ಜೋಶಿ,B. Bhat|Bsavaraj Bhat|Besavaraj Bhat,71,M,KA-BLR2,Ballari,STN-KA-BLR2-0022,15.202886,77.043851,medium,property,BURGLARY|ARSON|VEH_THEFT,34.9,0.45,active,True,GANG-0003,False,CRM-0000209|CRM-0000111|CRM-0000147|CRM-0000148|CRM-0000192|CRM-0000052|CRM-0000173|CRM-0000191|CRM-0000137|CRM-0000189,2,0,True,False,social_engineering,late_night_2200_0400,shop,bicycle,none,cash,2,True
CRM-0000241,CIT-00002059,Srikanth Shetty,ಸಂದೀಪ್ ಕುಮಾರ್,Srikanth Shty.|alias Srikanth,20,M,KA-HBL,Hubballi-Dharwad,STN-KA-HBL-0014,15.347694,75.19487,medium,violent,RIOTING|CHAIN|DACOITY,30.4,0.45,active,False,,False,,8,0,True,False,social_engineering,early_morning_0400_0600,atm,public_bus,knife,documents,2,True
CRM-0000242,CIT-00000750,Seeta Desai,ಲಕ್ಷ್ಮಿ ನಾಯ್ಕ್,S. Desai|a/k/a Seeta|Seeta D.,74,F,KA-KLP,Kalaburagi,STN-KA-KLP-0019,17.528465,77.134381,medium,fraud,FRAUD|CYBER|ATM_FRAUD,42.3,0.45,retired,True,GANG-0002,False,CRM-0000140|CRM-0000193|CRM-0000228|CRM-0000085|CRM-0000016|CRM-0000023|CRM-0000061|CRM-0000238|CRM-0000217|CRM-0000204,0,0,False,False,digital_access,afternoon_1200_1600,market,on_foot,none,gold_jewellery,3,False
CRM-0000243,CIT-00003369,Suma Joshi,ಪ್ರಿಯಾ ನಂಬಿಯಾರ್,ಪ್ರಿಯಾ ನಂಬಿಯಾರ್|Sunna Joshi,42,F,KA-BLR2,Ballari,STN-KA-BLR2-0018,15.432402,76.559452,low,property,VEH_THEFT|TRESPASS|ARSON,11.7,0.25,experienced,False,,False,,2,0,True,False,rear_entry,evening_1600_1900,vehicle_parked,public_bus,none,gold_jewellery,2,False
CRM-0000244,CIT-00003186,Bharathi Krishnamurthy,ಕವಿತಾ ರಾವ್,a/k/a Bharathi|B. Krishnamurthy,49,F,KA-BDR,Bidar,STN-KA-BDR-0000,18.098351,77.333954,low,property,TRESPASS|VEH_THEFT|ARSON,8.2,0.25,experienced,False,,False,,3,0,True,False,forced_entry,late_night_2200_0400,atm,motorcycle,none,cash,2,True
CRM-0000245,CIT-00001489,Anita Desai,ಸ್ವಾತಿ ಪಾಟೀಲ್,Anita|A. Desai|Anita D.,47,F,KA-HSN,Hassan,STN-KA-HSN-0001,12.885302,76.218113,medium,property,TRESPASS|ARSON|THEFT,41.0,0.45,experienced,False,,False,,6,0,True,False,forced_entry,late_night_2200_0400,market,public_bus,none,electronics,5,True
