canonical_id,canonical_name,alias_id,alias_value,alias_type,confidence,source_module
FIR-KLP-2021-00001,Meera Hegde,FIR-KLP-2021-00001-NOISE,FIR-KLP-2021-00001-NOISE,duplicate_fir,1.0,noise_injector
FIR-MGL-2021-00001,Ajay Nambiar,FIR-MGL-2021-00001-NOISE,FIR-MGL-2021-00001-NOISE,duplicate_fir,1.0,noise_injector
FIR-BLR2-2021-00002,Anjali Gowda,FIR-BLR2-2021-00002-NOISE,FIR-BLR2-2021-00002-NOISE,duplicate_fir,1.0,noise_injector
FIR-MGL-2021-00003,Meera Patil,FIR-MGL-2021-00003-NOISE,FIR-MGL-2021-00003-NOISE,duplicate_fir,1.0,noise_injector
FIR-HBL-2021-00004,Akash Vokkaliga,FIR-HBL-2021-00004-NOISE,FIR-HBL-2021-00004-NOISE,duplicate_fir,1.0,noise_injector
FIR-BLR-2021-00009,Deepak Nambiar,FIR-BLR-2021-00009-NOISE,FIR-BLR-2021-00009-NOISE,duplicate_fir,1.0,noise_injector
FIR-RBG-2021-00010,Shivakumar Hegde,FIR-RBG-2021-00010-NOISE,FIR-RBG-2021-00010-NOISE,duplicate_fir,1.0,noise_injector
FIR-BLR-2021-00010,Ganesh Tantri,FIR-BLR-2021-00010-NOISE,FIR-BLR-2021-00010-NOISE,duplicate_fir,1.0,noise_injector
FIR-BSD-2021-00001,Vikram Prabhu,FIR-BSD-2021-00001-NOISE,FIR-BSD-2021-00001-NOISE,duplicate_fir,1.0,noise_injector
FIR-BSD-2021-00003,Abhishek Nambiar,FIR-BSD-2021-00003-NOISE,FIR-BSD-2021-00003-NOISE,duplicate_fir,1.0,noise_injector
FIR-BLRR-2021-00004,Swathi Nayak,FIR-BLRR-2021-00004-NOISE,FIR-BLRR-2021-00004-NOISE,duplicate_fir,1.0,noise_injector
FIR-BLR-2021-00023,Srikanth Verma,FIR-BLR-2021-00023-NOISE,FIR-BLR-2021-00023-NOISE,duplicate_fir,1.0,noise_injector
FIR-BLRR-2021-00013,Shivakumar Patil,FIR-BLRR-2021-00013-NOISE,FIR-BLRR-2021-00013-NOISE,duplicate_fir,1.0,noise_injector
FIR-UDR-2021-00011,Manjunath Bhat,FIR-UDR-2021-00011-NOISE,FIR-UDR-2021-00011-NOISE,duplicate_fir,1.0,noise_injector
FIR-BLR-2021-00030,Satish Raju,FIR-BLR-2021-00030-NOISE,FIR-BLR-2021-00030-NOISE,duplicate_fir,1.0,noise_injector
FIR-BLR-2021-00031,Saritha Raju,FIR-BLR-2021-00031-NOISE,FIR-BLR-2021-00031-NOISE,duplicate_fir,1.0,noise_injector
FIR-SHV-2021-00002,Prashanth Swamy,FIR-SHV-2021-00002-NOISE,FIR-SHV-2021-00002-NOISE,duplicate_fir,1.0,noise_injector
FIR-UDR-2021-00016,Sujatha Lingayat,FIR-UDR-2021-00016-NOISE,FIR-UDR-2021-00016-NOISE,duplicate_fir,1.0,noise_injector
FIR-MGL-2021-00007,Shivakumar Gowda,FIR-MGL-2021-00007-NOISE,FIR-MGL-2021-00007-NOISE,duplicate_fir,1.0,noise_injector
FIR-BLR-2021-00039,Naveen Bhat,FIR-BLR-2021-00039-NOISE,FIR-BLR-2021-00039-NOISE,duplicate_fir,1.0,noise_injector
FIR-HSN-2021-00001,Suma Patil,FIR-HSN-2021-00001-NOISE,FIR-HSN-2021-00001-NOISE,duplicate_fir,1.0,noise_injector
FIR-MGL-2021-00009,Satish Patil,FIR-MGL-2021-00009-NOISE,FIR-MGL-2021-00009-NOISE,duplicate_fir,1.0,noise_injector
FIR-BLR-2021-00046,Rekha Desai,FIR-BLR-2021-00046-NOISE,FIR-BLR-2021-00046-NOISE,duplicate_fir,1.0,noise_injector
FIR-MGL-2021-00010,Satish Pillai,FIR-MGL-2021-00010-NOISE,FIR-MGL-2021-00010-NOISE,duplicate_fir,1.0,noise_injector
FIR-MGL-2021-00013,Madhu Ayyar,FIR-MGL-2021-00013-NOISE,FIR-MGL-2021-00013-NOISE,duplicate_fir,1.0,noise_injector
FIR-UDR-2021-00021,Anjali Tantri,FIR-UDR-2021-00021-NOISE,FIR-UDR-2021-00021-NOISE,duplicate_fir,1.0,noise_injector
FIR-HBL-2021-00010,Rohit Pillai,FIR-HBL-2021-00010-NOISE,FIR-HBL-2021-00010-NOISE,duplicate_fir,1.0,noise_injector
FIR-BLR-2021-00051,Sneha Krishnamurthy,FIR-BLR-2021-00051-NOISE,FIR-BLR-2021-00051-NOISE,duplicate_fir,1.0,noise_injector
FIR-CTV-2021-00001,Amala Tantri,FIR-CTV-2021-00001-NOISE,FIR-CTV-2021-00001-NOISE,duplicate_fir,1.0,noise_injector
FIR-CTV-2021-00002,Harsh Desai,FIR-CTV-2021-00002-NOISE,FIR-CTV-2021-00002-NOISE,duplicate_fir,1.0,noise_injector
FIR-MYS-2021-00014,Rajesh Aras,FIR-MYS-2021-00014-NOISE,FIR-MYS-2021-00014-NOISE,duplicate_fir,1.0,noise_injector
FIR-MYS-2021-00016,Anil Krishnamurthy,FIR-MYS-2021-00016-NOISE,FIR-MYS-2021-00016-NOISE,duplicate_fir,1.0,noise_injector
FIR-BLR-2021-00060,Deepak Joshi,FIR-BLR-2021-00060-NOISE,FIR-BLR-2021-00060-NOISE,duplicate_fir,1.0,noise_injector
FIR-BLG-2021-00009,Akash Hegde,FIR-BLG-2021-00009-NOISE,FIR-BLG-2021-00009-NOISE,duplicate_fir,1.0,noise_injector
FIR-BLR2-2021-00011,Sujatha Joshi,FIR-BLR2-2021-00011-NOISE,FIR-BLR2-2021-00011-NOISE,duplicate_fir,1.0,noise_injector
FIR-VKT-2021-00004,Radha Sharma,FIR-VKT-2021-00004-NOISE,FIR-VKT-2021-00004-NOISE,duplicate_fir,1.0,noise_injector
FIR-BLG-2021-00010,Rajesh Ayyar,FIR-BLG-2021-00010-NOISE,FIR-BLG-2021-00010-NOISE,duplicate_fir,1.0,noise_injector
FIR-KDG-2021-00002,Suma Tantri,FIR-KDG-2021-00002-NOISE,FIR-KDG-2021-00002-NOISE,duplicate_fir,1.0,noise_injector
FIR-HBL-2021-00012,Sandeep Desai,FIR-HBL-2021-00012-NOISE,FIR-HBL-2021-00012-NOISE,duplicate_fir,1.0,noise_injector
FIR-UDR-2021-00029,Vikram Kumar,FIR-UDR-2021-00029-NOISE,FIR-UDR-2021-00029-NOISE,duplicate_fir,1.0,noise_injector
FIR-UDR-2021-00031,Prashanth Verma,FIR-UDR-2021-00031-NOISE,FIR-UDR-2021-00031-NOISE,duplicate_fir,1.0,noise_injector
FIR-UDR-2021-00033,Sneha Nambiar,FIR-UDR-2021-00033-NOISE,FIR-UDR-2021-00033-NOISE,duplicate_fir,1.0,noise_injector
FIR-BLR-2021-00073,Vidya Hegde,FIR-BLR-2021-00073-NOISE,FIR-BLR-2021-00073-NOISE,duplicate_fir,1.0,noise_injector
FIR-MDY-2021-00003,Sneha Singh,FIR-MDY-2021-00003-NOISE,FIR-MDY-2021-00003-NOISE,duplicate_fir,1.0,noise_injector
FIR-MDY-2021-00005,Vidya Nayak,FIR-MDY-2021-00005-NOISE,FIR-MDY-2021-00005-NOISE,duplicate_fir,1.0,noise_injector
FIR-MDY-2021-00008,Nitya Rao,FIR-MDY-2021-00008-NOISE,FIR-MDY-2021-00008-NOISE,duplicate_fir,1.0,noise_injector
FIR-VKT-2021-00013,Shruthi Singh,FIR-VKT-2021-00013-NOISE,FIR-VKT-2021-00013-NOISE,duplicate_fir,1.0,noise_injector
FIR-BLRR-2021-00026,Jyothi Joshi,FIR-BLRR-2021-00026-NOISE,FIR-BLRR-2021-00026-NOISE,duplicate_fir,1.0,noise_injector
FIR-VKT-2021-00017,Radha Sharma,FIR-VKT-2021-00017-NOISE,FIR-VKT-2021-00017-NOISE,duplicate_fir,1.0,noise_injector
FIR-RCR-2021-00010,Priya Joshi,FIR-RCR-2021-00010-NOISE,FIR-RCR-2021-00010-NOISE,duplicate_fir,1.0,noise_injector
FIR-RCR-2021-00011,Manjunath Joshi,FIR-RCR-2021-00011-NOISE,FIR-RCR-2021-00011-NOISE,duplicate_fir,1.0,noise_injector
FIR-RBG-2021-00033,Manjunath Tantri,FIR-RBG-2021-00033-NOISE,FIR-RBG-2021-00033-NOISE,duplicate_fir,1.0,noise_injector
FIR-RCR-2021-00019,Nirmala Reddy,FIR-RCR-2021-00019-NOISE,FIR-RCR-2021-00019-NOISE,duplicate_fir,1.0,noise_injector
FIR-RCR-2021-00022,Jyothi Joshi,FIR-RCR-2021-00022-NOISE,FIR-RCR-2021-00022-NOISE,duplicate_fir,1.0,noise_injector
FIR-BLR-2021-00080,Geetha Hegde,FIR-BLR-2021-00080-NOISE,FIR-BLR-2021-00080-NOISE,duplicate_fir,1.0,noise_injector
FIR-BLRR-2021-00037,Shruthi Nayak,FIR-BLRR-2021-00037-NOISE,FIR-BLRR-2021-00037-NOISE,duplicate_fir,1.0,noise_injector
FIR-MGL-2021-00032,Sangeetha Pillai,FIR-MGL-2021-00032-NOISE,FIR-MGL-2021-00032-NOISE,duplicate_fir,1.0,noise_injector
FIR-BLG-2021-00019,Deepak Reddy,FIR-BLG-2021-00019-NOISE,FIR-BLG-2021-00019-NOISE,duplicate_fir,1.0,noise_injector
FIR-BLG-2021-00024,Srikanth Bhat,FIR-BLG-2021-00024-NOISE,FIR-BLG-2021-00024-NOISE,duplicate_fir,1.0,noise_injector
FIR-BLG-2021-00025,Abhishek Vokkaliga,FIR-BLG-2021-00025-NOISE,FIR-BLG-2021-00025-NOISE,duplicate_fir,1.0,noise_injector
FIR-RMN-2021-00020,Amala Reddy,FIR-RMN-2021-00020-NOISE,FIR-RMN-2021-00020-NOISE,duplicate_fir,1.0,noise_injector
FIR-RMN-2021-00021,Kiran Murthy,FIR-RMN-2021-00021-NOISE,FIR-RMN-2021-00021-NOISE,duplicate_fir,1.0,noise_injector
FIR-KLP-2021-00041,Anil Rao,FIR-KLP-2021-00041-NOISE,FIR-KLP-2021-00041-NOISE,duplicate_fir,1.0,noise_injector
FIR-KLP-2021-00042,Sangeetha Naik,FIR-KLP-2021-00042-NOISE,FIR-KLP-2021-00042-NOISE,duplicate_fir,1.0,noise_injector
FIR-MGL-2021-00042,Suma Thakur,FIR-MGL-2021-00042-NOISE,FIR-MGL-2021-00042-NOISE,duplicate_fir,1.0,noise_injector
FIR-MGL-2021-00043,Saritha Sharma,FIR-MGL-2021-00043-NOISE,FIR-MGL-2021-00043-NOISE,duplicate_fir,1.0,noise_injector
FIR-KLP-2021-00046,Nitya Bhat,FIR-KLP-2021-00046-NOISE,FIR-KLP-2021-00046-NOISE,duplicate_fir,1.0,noise_injector
FIR-BLRR-2021-00046,Vidya Shastri,FIR-BLRR-2021-00046-NOISE,FIR-BLRR-2021-00046-NOISE,duplicate_fir,1.0,noise_injector
FIR-RBG-2021-00037,Shantha Swamy,FIR-RBG-2021-00037-NOISE,FIR-RBG-2021-00037-NOISE,duplicate_fir,1.0,noise_injector
FIR-KLP-2021-00048,Manjunath Raju,FIR-KLP-2021-00048-NOISE,FIR-KLP-2021-00048-NOISE,duplicate_fir,1.0,noise_injector
FIR-BLR-2021-00086,Lakshmi Prabhu,FIR-BLR-2021-00086-NOISE,FIR-BLR-2021-00086-NOISE,duplicate_fir,1.0,noise_injector
FIR-UDR-2021-00042,Swathi Desai,FIR-UDR-2021-00042-NOISE,FIR-UDR-2021-00042-NOISE,duplicate_fir,1.0,noise_injector
FIR-RBG-2021-00039,Sneha Verma,FIR-RBG-2021-00039-NOISE,FIR-RBG-2021-00039-NOISE,duplicate_fir,1.0,noise_injector
FIR-BLR2-2021-00022,Nitya Lingayat,FIR-BLR2-2021-00022-NOISE,FIR-BLR2-2021-00022-NOISE,duplicate_fir,1.0,noise_injector
FIR-BLR2-2021-00023,Abhishek Vokkaliga,FIR-BLR2-2021-00023-NOISE,FIR-BLR2-2021-00023-NOISE,duplicate_fir,1.0,noise_injector
FIR-BLR-2021-00088,Sneha Singh,FIR-BLR-2021-00088-NOISE,FIR-BLR-2021-00088-NOISE,duplicate_fir,1.0,noise_injector
FIR-CHB-2021-00004,Kavitha Reddy,FIR-CHB-2021-00004-NOISE,FIR-CHB-2021-00004-NOISE,duplicate_fir,1.0,noise_injector
FIR-BLR2-2021-00025,Suma Udupi,FIR-BLR2-2021-00025-NOISE,FIR-BLR2-2021-00025-NOISE,duplicate_fir,1.0,noise_injector
FIR-RCR-2021-00024,Suresh Nambiar,FIR-RCR-2021-00024-NOISE,FIR-RCR-2021-00024-NOISE,duplicate_fir,1.0,noise_injector
FIR-KLP-2021-00051,Anil Gowda,FIR-KLP-2021-00051-NOISE,FIR-KLP-2021-00051-NOISE,duplicate_fir,1.0,noise_injector
FIR-MGL-2021-00049,Naveen Kamath,FIR-MGL-2021-00049-NOISE,FIR-MGL-2021-00049-NOISE,duplicate_fir,1.0,noise_injector
FIR-MGL-2021-00051,Gaurav Raju,FIR-MGL-2021-00051-NOISE,FIR-MGL-2021-00051-NOISE,duplicate_fir,1.0,noise_injector
FIR-UDR-2021-00048,Mohan Verma,FIR-UDR-2021-00048-NOISE,FIR-UDR-2021-00048-NOISE,duplicate_fir,1.0,noise_injector
FIR-BLG-2021-00046,Anita Vokkaliga,FIR-BLG-2021-00046-NOISE,FIR-BLG-2021-00046-NOISE,duplicate_fir,1.0,noise_injector
FIR-BLG-2021-00047,Yogesh Nambiar,FIR-BLG-2021-00047-NOISE,FIR-BLG-2021-00047-NOISE,duplicate_fir,1.0,noise_injector
FIR-BLR-2021-00108,Anil Desai,FIR-BLR-2021-00108-NOISE,FIR-BLR-2021-00108-NOISE,duplicate_fir,1.0,noise_injector
FIR-RBG-2021-00046,Shruthi Rao,FIR-RBG-2021-00046-NOISE,FIR-RBG-2021-00046-NOISE,duplicate_fir,1.0,noise_injector
FIR-BDR-2021-00003,Jyothi Naik,FIR-BDR-2021-00003-NOISE,FIR-BDR-2021-00003-NOISE,duplicate_fir,1.0,noise_injector
FIR-BLG-2021-00048,Basavaraj Gowda,FIR-BLG-2021-00048-NOISE,FIR-BLG-2021-00048-NOISE,duplicate_fir,1.0,noise_injector
FIR-BLR-2021-00110,Shantha Nayak,FIR-BLR-2021-00110-NOISE,FIR-BLR-2021-00110-NOISE,duplicate_fir,1.0,noise_injector
FIR-BLRR-2021-00056,Ravi Reddy,FIR-BLRR-2021-00056-NOISE,FIR-BLRR-2021-00056-NOISE,duplicate_fir,1.0,noise_injector
FIR-KLP-2021-00058,Jyothi Swamy,FIR-KLP-2021-00058-NOISE,FIR-KLP-2021-00058-NOISE,duplicate_fir,1.0,noise_injector
FIR-KLP-2021-00062,Sujatha Tantri,FIR-KLP-2021-00062-NOISE,FIR-KLP-2021-00062-NOISE,duplicate_fir,1.0,noise_injector
FIR-RBG-2021-00051,Radha Bhat,FIR-RBG-2021-00051-NOISE,FIR-RBG-2021-00051-NOISE,duplicate_fir,1.0,noise_injector
FIR-KLP-2021-00065,Raghavendra Adiga,FIR-KLP-2021-00065-NOISE,FIR-KLP-2021-00065-NOISE,duplicate_fir,1.0,noise_injector
FIR-KLP-2021-00066,Satish Shastri,FIR-KLP-2021-00066-NOISE,FIR-KLP-2021-00066-NOISE,duplicate_fir,1.0,noise_injector
FIR-BLR-2021-00116,Vikram Verma,FIR-BLR-2021-00116-NOISE,FIR-BLR-2021-00116-NOISE,duplicate_fir,1.0,noise_injector
FIR-BLR-2021-00121,Ganesh Krishnamurthy,FIR-BLR-2021-00121-NOISE,FIR-BLR-2021-00121-NOISE,duplicate_fir,1.0,noise_injector
FIR-MGL-2021-00059,Yogesh Murthy,FIR-MGL-2021-00059-NOISE,FIR-MGL-2021-00059-NOISE,duplicate_fir,1.0,noise_injector
FIR-MYS-2021-00034,Yogesh Adiga,FIR-MYS-2021-00034-NOISE,FIR-MYS-2021-00034-NOISE,duplicate_fir,1.0,noise_injector
FIR-MDY-2021-00013,Ajay Swamy,FIR-MDY-2021-00013-NOISE,FIR-MDY-2021-00013-NOISE,duplicate_fir,1.0,noise_injector
FIR-MGL-2021-00064,Mahesh Prabhu,FIR-MGL-2021-00064-NOISE,FIR-MGL-2021-00064-NOISE,duplicate_fir,1.0,noise_injector
FIR-BLRR-2021-00063,Mahesh Nayak,FIR-BLRR-2021-00063-NOISE,FIR-BLRR-2021-00063-NOISE,duplicate_fir,1.0,noise_injector
FIR-MDY-2021-00021,Saritha Krishnamurthy,FIR-MDY-2021-00021-NOISE,FIR-MDY-2021-00021-NOISE,duplicate_fir,1.0,noise_injector
FIR-CTV-2021-00015,Srikanth Sharma,FIR-CTV-2021-00015-NOISE,FIR-CTV-2021-00015-NOISE,duplicate_fir,1.0,noise_injector
FIR-BLRR-2021-00065,Ganesh Tantri,FIR-BLRR-2021-00065-NOISE,FIR-BLRR-2021-00065-NOISE,duplicate_fir,1.0,noise_injector
FIR-MGL-2021-00068,Anita Verma,FIR-MGL-2021-00068-NOISE,FIR-MGL-2021-00068-NOISE,duplicate_fir,1.0,noise_injector
FIR-CTV-2021-00023,Lakshmi Aras,FIR-CTV-2021-00023-NOISE,FIR-CTV-2021-00023-NOISE,duplicate_fir,1.0,noise_injector
FIR-BLR2-2021-00040,Sandeep Thakur,FIR-BLR2-2021-00040-NOISE,FIR-BLR2-2021-00040-NOISE,duplicate_fir,1.0,noise_injector
FIR-MGL-2021-00070,Deepa Hegde,FIR-MGL-2021-00070-NOISE,FIR-MGL-2021-00070-NOISE,duplicate_fir,1.0,noise_injector
FIR-CTV-2021-00026,Harsh Krishnamurthy,FIR-CTV-2021-00026-NOISE,FIR-CTV-2021-00026-NOISE,duplicate_fir,1.0,noise_injector
FIR-CTV-2021-00032,Umesh Tantri,FIR-CTV-2021-00032-NOISE,FIR-CTV-2021-00032-NOISE,duplicate_fir,1.0,noise_injector
FIR-UDR-2021-00058,Sneha Thakur,FIR-UDR-2021-00058-NOISE,FIR-UDR-2021-00058-NOISE,duplicate_fir,1.0,noise_injector
FIR-BLR-2021-00134,Basavaraj Patil,FIR-BLR-2021-00134-NOISE,FIR-BLR-2021-00134-NOISE,duplicate_fir,1.0,noise_injector
FIR-RBG-2021-00061,Radha Nambiar,FIR-RBG-2021-00061-NOISE,FIR-RBG-2021-00061-NOISE,duplicate_fir,1.0,noise_injector
FIR-RBG-2021-00068,Sandeep Gowda,FIR-RBG-2021-00068-NOISE,FIR-RBG-2021-00068-NOISE,duplicate_fir,1.0,noise_injector
FIR-KLR-2021-00002,Arjun Prabhu,FIR-KLR-2021-00002-NOISE,FIR-KLR-2021-00002-NOISE,duplicate_fir,1.0,noise_injector
FIR-HBL-2021-00046,Sujatha Joshi,FIR-HBL-2021-00046-NOISE,FIR-HBL-2021-00046-NOISE,duplicate_fir,1.0,noise_injector
FIR-DVG-2021-00025,Mahesh Naik,FIR-DVG-2021-00025-NOISE,FIR-DVG-2021-00025-NOISE,duplicate_fir,1.0,noise_injector
FIR-HBL-2022-00001,Meera Shastri,FIR-HBL-2022-00001-NOISE,FIR-HBL-2022-00001-NOISE,duplicate_fir,1.0,noise_injector
CRM-0000000,Bharathi Thakur,,@Bharathi,name_variant,1.0,alias_generator
CRM-0000000,Bharathi Thakur,,Bharathi,name_variant,1.0,alias_generator
CRM-0000001,Bharathi Nambiar,,Bharathi,name_variant,1.0,alias_generator
CRM-0000002,Srikanth Tantri,,Srlkanth Tantri,name_variant,1.0,alias_generator
CRM-0000002,Srikanth Tantri,,Srikanth T.,name_variant,1.0,alias_generator
CRM-0000002,Srikanth Tantri,,S. Tantri,name_variant,1.0,alias_generator
CRM-0000003,Meera Swamy,,M. Swamy,name_variant,1.0,alias_generator
CRM-0000003,Meera Swamy,,alias Meera,name_variant,1.0,alias_generator
CRM-0000004,Amala Verma,,A. Verma,name_variant,1.0,alias_generator
CRM-0000004,Amala Verma,,Anla Verma,name_variant,1.0,alias_generator
CRM-0000004,Amala Verma,,Amala V.,name_variant,1.0,alias_generator
CRM-0000005,Akash Singh,,Akash S.,name_variant,1.0,alias_generator
CRM-0000005,Akash Singh,,A. Singh,name_variant,1.0,alias_generator
CRM-0000006,Sangeetha Murthy,,Saingiatha Murthy,name_variant,1.0,alias_generator
CRM-0000006,Sangeetha Murthy,,ಲಕ್ಷ್ಮಿ ವೊಕ್ಕಲಿಗ,kannada,1.0,alias_generator
CRM-0000007,Rekha Pillai,,a/k/a Rekha,name_variant,1.0,alias_generator
CRM-0000007,Rekha Pillai,,Rekha P.,name_variant,1.0,alias_generator
CRM-0000007,Rekha Pillai,,R. Pillai,name_variant,1.0,alias_generator
CRM-0000008,Manjunath Adiga,,Manjunath,name_variant,1.0,alias_generator
CRM-0000008,Manjunath Adiga,,M. Adiga,name_variant,1.0,alias_generator
CRM-0000008,Manjunath Adiga,,a/k/a Manjunath,name_variant,1.0,alias_generator
CRM-0000009,Deepak Joshi,,ಅನಿಲ್ ಉಡುಪ,kannada,1.0,alias_generator
CRM-0000009,Deepak Joshi,,D. Joshi,name_variant,1.0,alias_generator
CRM-0000009,Deepak Joshi,,Deepak J.,name_variant,1.0,alias_generator
CRM-0000010,Pooja Aras,,ಪ್ರಿಯಾ ರೆಡ್ಡಿ,kannada,1.0,alias_generator
CRM-0000010,Pooja Aras,,P. Aras,name_variant,1.0,alias_generator
CRM-0000011,Meera Swamy,,@Meera,name_variant,1.0,alias_generator
CRM-0000011,Meera Swamy,,ಕವಿತಾ ನಂಬಿಯಾರ್,kannada,1.0,alias_generator
CRM-0000011,Meera Swamy,,Neer Swamy,name_variant,1.0,alias_generator
CRM-0000012,Jyothi Sharma,,Jyothi S.,name_variant,1.0,alias_generator
CRM-0000013,Suma Kamath,,S. Kamath,name_variant,1.0,alias_generator
CRM-0000013,Suma Kamath,,Suma K.,name_variant,1.0,alias_generator
CRM-0000013,Suma Kamath,,ಸೀತಾ ರಾವ್,kannada,1.0,alias_generator
CRM-0000014,Yogesh Raju,,ಉಮೇಶ್ ನಂಬಿಯಾರ್,kannada,1.0,alias_generator
CRM-0000014,Yogesh Raju,,Y. Raju,name_variant,1.0,alias_generator
CRM-0000014,Yogesh Raju,,Yogesh R.,name_variant,1.0,alias_generator
CRM-0000015,Sujatha Pillai,,ವಿದ್ಯಾ ಜೋಶಿ,kannada,1.0,alias_generator
CRM-0000015,Sujatha Pillai,,Sujatha,name_variant,1.0,alias_generator
CRM-0000016,Basavaraj Prabhu,,Basavaraj P.,name_variant,1.0,alias_generator
CRM-0000017,Shruthi Rao,,Shruthi R.,name_variant,1.0,alias_generator
CRM-0000018,Ajay Swamy,,ಮಹೇಶ್ ಅರಸ್,kannada,1.0,alias_generator
CRM-0000018,Ajay Swamy,,alias Ajay,name_variant,1.0,alias_generator
CRM-0000018,Ajay Swamy,,Ajay,name_variant,1.0,alias_generator
CRM-0000019,Kavitha Bhat,,Kavtha Bhat,name_variant,1.0,alias_generator
CRM-0000019,Kavitha Bhat,,Kavitha B.,name_variant,1.0,alias_generator
CRM-0000020,Nagaraj Pillai,,ಪ್ರಶಾಂತ್ ಅಡಿಗ,kannada,1.0,alias_generator
CRM-0000021,Harsh Rao,,H. Rao,name_variant,1.0,alias_generator
CRM-0000021,Harsh Rao,,Hrsh Rao,name_variant,1.0,alias_generator
CRM-0000022,Nitya Naik,,ಸರಿತಾ ತಂತ್ರಿ,kannada,1.0,alias_generator
CRM-0000022,Nitya Naik,,N. Naik,name_variant,1.0,alias_generator
CRM-0000023,Shruthi Raju,,Shruthi,name_variant,1.0,alias_generator
CRM-0000024,Anita Nambiar,,A. Nambiar,name_variant,1.0,alias_generator
CRM-0000024,Anita Nambiar,,Anita,name_variant,1.0,alias_generator
CRM-0000024,Anita Nambiar,,a/k/a Anita,name_variant,1.0,alias_generator
CRM-0000025,Sandeep Pillai,,S. Pillai,name_variant,1.0,alias_generator
CRM-0000026,Yogesh Thakur,,ಸತೀಶ್ ಭಟ್,kannada,1.0,alias_generator
CRM-0000026,Yogesh Thakur,,alias Yogesh,name_variant,1.0,alias_generator
CRM-0000026,Yogesh Thakur,,Yogesh,name_variant,1.0,alias_generator
CRM-0000027,Naveen Adiga,,Naveen A.,name_variant,1.0,alias_generator
CRM-0000027,Naveen Adiga,,N. Adiga,name_variant,1.0,alias_generator
CRM-0000028,Anil Kamath,,Anil K.,name_variant,1.0,alias_generator
CRM-0000028,Anil Kamath,,Einl Kamath,name_variant,1.0,alias_generator
CRM-0000028,Anil Kamath,,ಯೋಗೇಶ್ ಹೆಗಡೆ,kannada,1.0,alias_generator
CRM-0000029,Jyothi Verma,,ಸುಮ಼ಾ ಲಿಂಗಾಯತ್,kannada,1.0,alias_generator
CRM-0000030,Kiran Kamath,,ರಾಘವೇಂದ್ರ ನಾಯ್ಕ್,kannada,1.0,alias_generator
CRM-0000031,Ravi Verma,,Ravi,name_variant,1.0,alias_generator
CRM-0000032,Rohit Joshi,,Rohit J.,name_variant,1.0,alias_generator
CRM-0000032,Rohit Joshi,,R. Joshi,name_variant,1.0,alias_generator
CRM-0000032,Rohit Joshi,,@Rohit,name_variant,1.0,alias_generator
CRM-0000033,Anita Pillai,,Anita P.,name_variant,1.0,alias_generator
CRM-0000033,Anita Pillai,,Anita,name_variant,1.0,alias_generator
CRM-0000034,Manjunath Prabhu,,M. Prabhu,name_variant,1.0,alias_generator
CRM-0000034,Manjunath Prabhu,,ಗೌರವ್ ಉಡುಪ,kannada,1.0,alias_generator
CRM-0000034,Manjunath Prabhu,,Manjunath,name_variant,1.0,alias_generator
CRM-0000035,Vinay Patil,,V. Patil,name_variant,1.0,alias_generator
CRM-0000035,Vinay Patil,,Vinay P.,name_variant,1.0,alias_generator
CRM-0000036,Vikram Sharma,,Vikram,name_variant,1.0,alias_generator
CRM-0000036,Vikram Sharma,,ಮಂಜುನಾಥ್ ಭಟ್,kannada,1.0,alias_generator
CRM-0000036,Vikram Sharma,,Vikram S.,name_variant,1.0,alias_generator
CRM-0000037,Kiran Swamy,,a/k/a Kiran,name_variant,1.0,alias_generator
CRM-0000037,Kiran Swamy,,K. Swamy,name_variant,1.0,alias_generator
CRM-0000038,Gaurav Joshi,,Gaurav J.,name_variant,1.0,alias_generator
CRM-0000039,Satish Gowda,,alias Satish,name_variant,1.0,alias_generator
CRM-0000039,Satish Gowda,,S. Gowda,name_variant,1.0,alias_generator
CRM-0000039,Satish Gowda,,ಉಮೇಶ್ ವೊಕ್ಕಲಿಗ,kannada,1.0,alias_generator
CRM-0000040,Geetha Swamy,,Geetha,name_variant,1.0,alias_generator
CRM-0000040,Geetha Swamy,,Geetha S.,name_variant,1.0,alias_generator
CRM-0000040,Geetha Swamy,,Gaetha Swamy,name_variant,1.0,alias_generator
CRM-0000041,Prashanth Swamy,,ಬಸವರಾಜ್ ನಾಯ್ಕ್,kannada,1.0,alias_generator
CRM-0000042,Ganesh Udupi,,G. Udupi,name_variant,1.0,alias_generator
CRM-0000043,Deepa Ayyar,,Deepa A.,name_variant,1.0,alias_generator
CRM-0000043,Deepa Ayyar,,ಮಧು ಪ್ರಭು,kannada,1.0,alias_generator
CRM-0000043,Deepa Ayyar,,a/k/a Deepa,name_variant,1.0,alias_generator
CRM-0000044,Swathi Kamath,,Swathi K.,name_variant,1.0,alias_generator
CRM-0000044,Swathi Kamath,,Swothi Kamath,name_variant,1.0,alias_generator
CRM-0000044,Swathi Kamath,,Swathi,name_variant,1.0,alias_generator
CRM-0000045,Shivakumar Vokkaliga,,S. Kumar Vokkaliga,name_variant,1.0,alias_generator
CRM-0000045,Shivakumar Vokkaliga,,Shvakumar Vokkaliga,name_variant,1.0,alias_generator
CRM-0000046,Rajesh Hegde,,Rajsh Hegde,name_variant,1.0,alias_generator
CRM-0000047,Geetha Thakur,,Geetha T.,name_variant,1.0,alias_generator
CRM-0000047,Geetha Thakur,,ನಿರ್ಮಲಾ ಭಟ್,kannada,1.0,alias_generator
CRM-0000047,Geetha Thakur,,Geetha,name_variant,1.0,alias_generator
CRM-0000048,Prakash Shetty,,Prakash,name_variant,1.0,alias_generator
CRM-0000048,Prakash Shetty,,P. Shetty,name_variant,1.0,alias_generator
CRM-0000048,Prakash Shetty,,ನವೀನ್ ಶಾಸ್ತ್ರಿ,kannada,1.0,alias_generator
CRM-0000049,Sangeetha Krishnamurthy,,Samgeetha Krishnamurthy,name_variant,1.0,alias_generator
CRM-0000050,Madhu Murthy,,M. Murthy,name_variant,1.0,alias_generator
CRM-0000050,Madhu Murthy,,Madhu M.,name_variant,1.0,alias_generator
CRM-0000051,Anil Rao,,Anil,name_variant,1.0,alias_generator
CRM-0000051,Anil Rao,,Anil R.,name_variant,1.0,alias_generator
CRM-0000051,Anil Rao,,ರಾಮೇಶ್ ತಂತ್ರಿ,kannada,1.0,alias_generator
CRM-0000052,Kiran Tantri,,Kiran T.,name_variant,1.0,alias_generator
CRM-0000052,Kiran Tantri,,K. Tantri,name_variant,1.0,alias_generator
CRM-0000053,Manjunath Prabhu,,Manjunath P.,name_variant,1.0,alias_generator
CRM-0000054,Basavaraj Sharma,,Basavaraj Srm.,name_variant,1.0,alias_generator
CRM-0000055,Arjun Ayyar,,Arjun,name_variant,1.0,alias_generator
CRM-0000055,Arjun Ayyar,,@Arjun,name_variant,1.0,alias_generator
CRM-0000056,Gaurav Rao,,Gaurav R.,name_variant,1.0,alias_generator
CRM-0000056,Gaurav Rao,,a/k/a Gaurav,name_variant,1.0,alias_generator
CRM-0000056,Gaurav Rao,,G. Rao,name_variant,1.0,alias_generator
CRM-0000057,Ganesh Rao,,G. Rao,name_variant,1.0,alias_generator
CRM-0000057,Ganesh Rao,,Ganesh,name_variant,1.0,alias_generator
CRM-0000057,Ganesh Rao,,ಅಜಯ್ ದೇಸಾಯಿ,kannada,1.0,alias_generator
CRM-0000058,Ravi Ayyar,,Ravi,name_variant,1.0,alias_generator
CRM-0000058,Ravi Ayyar,,ಯೋಗೇಶ್ ರಾವ್,kannada,1.0,alias_generator
CRM-0000059,Suresh Thakur,,Suresh T.,name_variant,1.0,alias_generator
CRM-0000060,Mahesh Adiga,,Mahesh A.,name_variant,1.0,alias_generator
CRM-0000060,Mahesh Adiga,,Mahesh,name_variant,1.0,alias_generator
CRM-0000061,Jyothi Prabhu,,Jyothi P.,name_variant,1.0,alias_generator
CRM-0000062,Vinay Udupi,,Vinay U.,name_variant,1.0,alias_generator
CRM-0000062,Vinay Udupi,,alias Vinay,name_variant,1.0,alias_generator
CRM-0000063,Prashanth Raju,,P. Raju,name_variant,1.0,alias_generator
CRM-0000063,Prashanth Raju,,alias Prashanth,name_variant,1.0,alias_generator
CRM-0000064,Mahesh Bhat,,Mahesh B.,name_variant,1.0,alias_generator
CRM-0000064,Mahesh Bhat,,ರಮೇಶ್ ಕಾಮತ್,kannada,1.0,alias_generator
CRM-0000065,Abhishek Hegde,,Ebhishek Hegde,name_variant,1.0,alias_generator
CRM-0000065,Abhishek Hegde,,Abhishek,name_variant,1.0,alias_generator
CRM-0000066,Umesh Patil,,ಮಹೇಶ್ ಜೋಶಿ,kannada,1.0,alias_generator
CRM-0000066,Umesh Patil,,Uesh Patil,name_variant,1.0,alias_generator
CRM-0000066,Umesh Patil,,Umesh P.,name_variant,1.0,alias_generator
CRM-0000067,Nagaraj Prabhu,,ಮಂಜುನಾಥ್ ಪಾಟೀಲ್,kannada,1.0,alias_generator
CRM-0000067,Nagaraj Prabhu,,N. Prabhu,name_variant,1.0,alias_generator
CRM-0000068,Rajesh Thakur,,ಉಮೇಶ್ ಜೋಶಿ,kannada,1.0,alias_generator
CRM-0000068,Rajesh Thakur,,Rajesh,name_variant,1.0,alias_generator
CRM-0000068,Rajesh Thakur,,@Rajesh,name_variant,1.0,alias_generator
CRM-0000069,Meera Pillai,,M. Pillai,name_variant,1.0,alias_generator
CRM-0000069,Meera Pillai,,alias Meera,name_variant,1.0,alias_generator
CRM-0000069,Meera Pillai,,Meera P.,name_variant,1.0,alias_generator
CRM-0000070,Ramesh Shastri,,Ramesh,name_variant,1.0,alias_generator
CRM-0000071,Nagaraj Reddy,,Nagaraj,name_variant,1.0,alias_generator
CRM-0000072,Prashanth Aras,,P. Aras,name_variant,1.0,alias_generator
CRM-0000072,Prashanth Aras,,Prashanth A.,name_variant,1.0,alias_generator
CRM-0000072,Prashanth Aras,,a/k/a Prashanth,name_variant,1.0,alias_generator
CRM-0000073,Rajesh Lingayat,,alias Rajesh,name_variant,1.0,alias_generator
CRM-0000074,Rohit Sharma,,alias Rohit,name_variant,1.0,alias_generator
CRM-0000074,Rohit Sharma,,R0hit Sharma,name_variant,1.0,alias_generator
CRM-0000075,Rekha Naik,,ಪೂಜಾ ಲಿಂಗಾಯತ್,kannada,1.0,alias_generator
CRM-0000076,Anita Hegde,,A. Hegde,name_variant,1.0,alias_generator
CRM-0000077,Radha Vokkaliga,,ಮೀರಾ ನಾಯ್ಕ್,kannada,1.0,alias_generator
CRM-0000077,Radha Vokkaliga,,Radh Vokkaliga,name_variant,1.0,alias_generator
CRM-0000077,Radha Vokkaliga,,Radha V.,name_variant,1.0,alias_generator
CRM-0000078,Deepa Shetty,,D. Shetty,name_variant,1.0,alias_generator
CRM-0000079,Prakash Prabhu,,Prakash,name_variant,1.0,alias_generator
CRM-0000079,Prakash Prabhu,,Prakash P.,name_variant,1.0,alias_generator
CRM-0000080,Geetha Kamath,,Geetha K.,name_variant,1.0,alias_generator
CRM-0000081,Yogesh Naik,,ಸುರೇಶ್ ಉಡುಪ,kannada,1.0,alias_generator
CRM-0000082,Basavaraj Rao,,alias Basavaraj,name_variant,1.0,alias_generator
CRM-0000083,Priya Hegde,,ರಾಧಾ ಹೆಗಡೆ,kannada,1.0,alias_generator
CRM-0000084,Ramesh Desai,,R. Desai,name_variant,1.0,alias_generator
CRM-0000084,Ramesh Desai,,a/k/a Ramesh,name_variant,1.0,alias_generator
CRM-0000085,Amala Vokkaliga,,ಸರಿತಾ ದೇಸಾಯಿ,kannada,1.0,alias_generator
CRM-0000086,Yogesh Rao,,ಪ್ರಕಾಶ್ ಕುಮಾರ್,kannada,1.0,alias_generator
CRM-0000086,Yogesh Rao,,Y. Rao,name_variant,1.0,alias_generator
CRM-0000087,Ganesh Nayak,,@Ganesh,name_variant,1.0,alias_generator
CRM-0000087,Ganesh Nayak,,Ganesh,name_variant,1.0,alias_generator
CRM-0000087,Ganesh Nayak,,G. Nayak,name_variant,1.0,alias_generator
CRM-0000088,Satish Swamy,,Satish,name_variant,1.0,alias_generator
CRM-0000088,Satish Swamy,,S. Swamy,name_variant,1.0,alias_generator
CRM-0000088,Satish Swamy,,ರಾಮೇಶ್ ರೆಡ್ಡಿ,kannada,1.0,alias_generator
CRM-0000089,Anil Swamy,,ಸಂದೀಪ್ ಪ್ರಭು,kannada,1.0,alias_generator
CRM-0000089,Anil Swamy,,a/k/a Anil,name_variant,1.0,alias_generator
CRM-0000089,Anil Swamy,,Onil Swamy,name_variant,1.0,alias_generator
CRM-0000090,Ravi Joshi,,Ravi,name_variant,1.0,alias_generator
CRM-0000091,Kiran Rao,,Kiran R.,name_variant,1.0,alias_generator
CRM-0000091,Kiran Rao,,ದೀಪಕ್ ಅಯ್ಯರ್,kannada,1.0,alias_generator
CRM-0000091,Kiran Rao,,K. Rao,name_variant,1.0,alias_generator
CRM-0000092,Prakash Krishnamurthy,,Prakash,name_variant,1.0,alias_generator
CRM-0000092,Prakash Krishnamurthy,,@Prakash,name_variant,1.0,alias_generator
CRM-0000093,Seeta Vokkaliga,,Seita Vokkaliga,name_variant,1.0,alias_generator
CRM-0000093,Seeta Vokkaliga,,S. Vokkaliga,name_variant,1.0,alias_generator
CRM-0000094,Shantha Reddy,,alias Shantha,name_variant,1.0,alias_generator
CRM-0000094,Shantha Reddy,,ಶೃತಿ ಶೆಟ್ಟಿ,kannada,1.0,alias_generator
CRM-0000095,Nirmala Murthy,,Nirmala,name_variant,1.0,alias_generator
CRM-0000096,Suresh Shastri,,S. Shastri,name_variant,1.0,alias_generator
CRM-0000096,Suresh Shastri,,@Suresh,name_variant,1.0,alias_generator
CRM-0000096,Suresh Shastri,,Sureesh Shastri,name_variant,1.0,alias_generator
CRM-0000097,Anjali Rao,,Anjali,name_variant,1.0,alias_generator
CRM-0000097,Anjali Rao,,A. Rao,name_variant,1.0,alias_generator
CRM-0000098,Naveen Bhat,,N. Bhat,name_variant,1.0,alias_generator
CRM-0000098,Naveen Bhat,,alias Naveen,name_variant,1.0,alias_generator
CRM-0000098,Naveen Bhat,,Naveen,name_variant,1.0,alias_generator
CRM-0000099,Tejas Rao,,Tijas Rao,name_variant,1.0,alias_generator
CRM-0000099,Tejas Rao,,T. Rao,name_variant,1.0,alias_generator
CRM-0000099,Tejas Rao,,Tejas,name_variant,1.0,alias_generator
CRM-0000100,Mahesh Pillai,,Mahesh,name_variant,1.0,alias_generator
CRM-0000100,Mahesh Pillai,,ಮಂಜುನಾಥ್ ಉಡುಪ,kannada,1.0,alias_generator
CRM-0000101,Geetha Reddy,,Geetha R.,name_variant,1.0,alias_generator
CRM-0000101,Geetha Reddy,,G. Reddy,name_variant,1.0,alias_generator
CRM-0000101,Geetha Reddy,,Geetha,name_variant,1.0,alias_generator
CRM-0000102,Vikram Nambiar,,Vikram N.,name_variant,1.0,alias_generator
CRM-0000103,Anita Verma,,alias Anita,name_variant,1.0,alias_generator
CRM-0000103,Anita Verma,,Anita V.,name_variant,1.0,alias_generator
CRM-0000103,Anita Verma,,ಪೂಜಾ ಕೃಷ್ಣಮೂರ್ತಿ,kannada,1.0,alias_generator
CRM-0000104,Umesh Reddy,,Umesh R.,name_variant,1.0,alias_generator
CRM-0000104,Umesh Reddy,,Umesh,name_variant,1.0,alias_generator
CRM-0000104,Umesh Reddy,,ರಾಮೇಶ್ ಪ್ರಭು,kannada,1.0,alias_generator
CRM-0000105,Akash Aras,,Akash,name_variant,1.0,alias_generator
CRM-0000106,Seeta Udupi,,S. Udupi,name_variant,1.0,alias_generator
CRM-0000107,Rohit Kamath,,Rohit K.,name_variant,1.0,alias_generator
CRM-0000107,Rohit Kamath,,R. Kamath,name_variant,1.0,alias_generator
CRM-0000107,Rohit Kamath,,Rohit,name_variant,1.0,alias_generator
CRM-0000108,Ramesh Verma,,a/k/a Ramesh,name_variant,1.0,alias_generator
CRM-0000109,Swathi Nambiar,,Swathi,name_variant,1.0,alias_generator
CRM-0000110,Mahesh Rao,,Mahesh R.,name_variant,1.0,alias_generator
CRM-0000111,Swathi Reddy,,ಶಾಂತಾ ಶಾಸ್ತ್ರಿ,kannada,1.0,alias_generator
CRM-0000111,Swathi Reddy,,Swathi R.,name_variant,1.0,alias_generator
CRM-0000112,Sneha Adiga,,ನಿರ್ಮಲಾ ಗೌಡ,kannada,1.0,alias_generator
CRM-0000112,Sneha Adiga,,@Sneha,name_variant,1.0,alias_generator
CRM-0000113,Prashanth Ayyar,,P. Ayyar,name_variant,1.0,alias_generator
CRM-0000113,Prashanth Ayyar,,Prashanth,name_variant,1.0,alias_generator
CRM-0000113,Prashanth Ayyar,,ರೋಹಿತ್ ಕುಮಾರ್,kannada,1.0,alias_generator
CRM-0000114,Geetha Kumar,,@Geetha,name_variant,1.0,alias_generator
CRM-0000114,Geetha Kumar,,Geetha K.,name_variant,1.0,alias_generator
CRM-0000114,Geetha Kumar,,G. Kumar,name_variant,1.0,alias_generator
CRM-0000115,Amala Desai,,Amala D.,name_variant,1.0,alias_generator
CRM-0000115,Amala Desai,,alias Amala,name_variant,1.0,alias_generator
CRM-0000115,Amala Desai,,Amolo Desai,name_variant,1.0,alias_generator
CRM-0000116,Shantha Reddy,,S. Reddy,name_variant,1.0,alias_generator
CRM-0000117,Vikram Kamath,,V. Kamath,name_variant,1.0,alias_generator
CRM-0000117,Vikram Kamath,,Vikram,name_variant,1.0,alias_generator
CRM-0000118,Radha Nayak,,Radha N.,name_variant,1.0,alias_generator
CRM-0000119,Mahesh Lingayat,,Mahesh,name_variant,1.0,alias_generator
CRM-0000119,Mahesh Lingayat,,M. Lingayat,name_variant,1.0,alias_generator
CRM-0000119,Mahesh Lingayat,,Mahesh L.,name_variant,1.0,alias_generator
CRM-0000120,Mohan Krishnamurthy,,M. Krishnamurthy,name_variant,1.0,alias_generator
CRM-0000120,Mohan Krishnamurthy,,Mohan,name_variant,1.0,alias_generator
CRM-0000121,Deepak Bhat,,ನವೀನ್ ಸ್ವಾಮಿ,kannada,1.0,alias_generator
CRM-0000121,Deepak Bhat,,Deepak Bht.,name_variant,1.0,alias_generator
CRM-0000122,Prashanth Shetty,,P. Shetty,name_variant,1.0,alias_generator
CRM-0000123,Naveen Nambiar,,Naveen,name_variant,1.0,alias_generator
CRM-0000123,Naveen Nambiar,,N. Nambiar,name_variant,1.0,alias_generator
CRM-0000123,Naveen Nambiar,,Neveen Nambiar,name_variant,1.0,alias_generator
CRM-0000124,Deepa Sharma,,D. Sharma,name_variant,1.0,alias_generator
CRM-0000125,Saritha Adiga,,Sorithe Adiga,name_variant,1.0,alias_generator
CRM-0000125,Saritha Adiga,,ಅಮಲಾ ವೊಕ್ಕಲಿಗ,kannada,1.0,alias_generator
CRM-0000126,Umesh Reddy,,U. Reddy,name_variant,1.0,alias_generator
CRM-0000127,Bharathi Gowda,,B. Gowda,name_variant,1.0,alias_generator
CRM-0000127,Bharathi Gowda,,Bharathi,name_variant,1.0,alias_generator
CRM-0000127,Bharathi Gowda,,alias Bharathi,name_variant,1.0,alias_generator
CRM-0000128,Saritha Singh,,Saritha S.,name_variant,1.0,alias_generator
CRM-0000128,Saritha Singh,,Saritha,name_variant,1.0,alias_generator
CRM-0000129,Basavaraj Shetty,,Basavaraj Shty.,name_variant,1.0,alias_generator
CRM-0000129,Basavaraj Shetty,,B. Shetty,name_variant,1.0,alias_generator
CRM-0000130,Basavaraj Prabhu,,Basavaraj P.,name_variant,1.0,alias_generator
CRM-0000130,Basavaraj Prabhu,,Basavaraj,name_variant,1.0,alias_generator
CRM-0000131,Geetha Naik,,G. Naik,name_variant,1.0,alias_generator
CRM-0000131,Geetha Naik,,Geetha,name_variant,1.0,alias_generator
CRM-0000132,Yogesh Bhat,,Yogsh Bhat,name_variant,1.0,alias_generator
CRM-0000133,Anita Udupi,,Anita,name_variant,1.0,alias_generator
CRM-0000133,Anita Udupi,,@Anita,name_variant,1.0,alias_generator
CRM-0000133,Anita Udupi,,Anta Udupi,name_variant,1.0,alias_generator
CRM-0000134,Prashanth Adiga,,a/k/a Prashanth,name_variant,1.0,alias_generator
CRM-0000134,Prashanth Adiga,,P. Adiga,name_variant,1.0,alias_generator
CRM-0000134,Prashanth Adiga,,Prashanth,name_variant,1.0,alias_generator
CRM-0000135,Yogesh Kamath,,Y. Kamath,name_variant,1.0,alias_generator
CRM-0000135,Yogesh Kamath,,Yogesh,name_variant,1.0,alias_generator
CRM-0000135,Yogesh Kamath,,ಸುರೇಶ್ ಅಡಿಗ,kannada,1.0,alias_generator
CRM-0000136,Arjun Kumar,,Orjum Kumar,name_variant,1.0,alias_generator
CRM-0000137,Radha Tantri,,Radha,name_variant,1.0,alias_generator
CRM-0000138,Tejas Reddy,,Tejas R.,name_variant,1.0,alias_generator
CRM-0000138,Tejas Reddy,,Tijes Reddy,name_variant,1.0,alias_generator
CRM-0000138,Tejas Reddy,,ಮೋಹನ್ ನಂಬಿಯಾರ್,kannada,1.0,alias_generator
CRM-0000139,Manjunath Tantri,,Manjunath T.,name_variant,1.0,alias_generator
CRM-0000140,Kiran Bhat,,@Kiran,name_variant,1.0,alias_generator
CRM-0000141,Nagaraj Lingayat,,Nagaraj,name_variant,1.0,alias_generator
CRM-0000142,Suresh Lingayat,,alias Suresh,name_variant,1.0,alias_generator
CRM-0000142,Suresh Lingayat,,Suresh L.,name_variant,1.0,alias_generator
CRM-0000142,Suresh Lingayat,,Sure Lingayat,name_variant,1.0,alias_generator
CRM-0000143,Gaurav Reddy,,Gaurav Rdy.,name_variant,1.0,alias_generator
CRM-0000143,Gaurav Reddy,,Gaurav,name_variant,1.0,alias_generator
CRM-0000144,Yogesh Reddy,,Ygesh Reddy,name_variant,1.0,alias_generator
CRM-0000144,Yogesh Reddy,,ಅಭಿಷೇಕ್ ಕುಮಾರ್,kannada,1.0,alias_generator
CRM-0000144,Yogesh Reddy,,Yogesh R.,name_variant,1.0,alias_generator
CRM-0000145,Pooja Swamy,,Pooja S.,name_variant,1.0,alias_generator
CRM-0000145,Pooja Swamy,,P. Swamy,name_variant,1.0,alias_generator
CRM-0000146,Geetha Murthy,,Geetha,name_variant,1.0,alias_generator
CRM-0000146,Geetha Murthy,,ವಿದ್ಯಾ ರಾವ್,kannada,1.0,alias_generator
CRM-0000147,Ramesh Nayak,,Rannesh Nayak,name_variant,1.0,alias_generator
CRM-0000147,Ramesh Nayak,,Ram Nayak,name_variant,1.0,alias_generator
CRM-0000147,Ramesh Nayak,,Ramesh N.,name_variant,1.0,alias_generator
CRM-0000148,Abhishek Udupi,,Abhishek U.,name_variant,1.0,alias_generator
CRM-0000148,Abhishek Udupi,,Abhishek,name_variant,1.0,alias_generator
CRM-0000148,Abhishek Udupi,,A. Udupi,name_variant,1.0,alias_generator
CRM-0000149,Saritha Vokkaliga,,S. Vokkaliga,name_variant,1.0,alias_generator
CRM-0000149,Saritha Vokkaliga,,Saritha,name_variant,1.0,alias_generator
CRM-0000149,Saritha Vokkaliga,,ಸೀತಾ ಮೂರ್ತಿ,kannada,1.0,alias_generator
CRM-0000150,Rohit Patil,,Rohit P.,name_variant,1.0,alias_generator
CRM-0000150,Rohit Patil,,R. Patil,name_variant,1.0,alias_generator
CRM-0000151,Anjali Shetty,,Anjali S.,name_variant,1.0,alias_generator
CRM-0000152,Sujatha Shastri,,alias Sujatha,name_variant,1.0,alias_generator
CRM-0000153,Vinay Singh,,Vinay S.,name_variant,1.0,alias_generator
CRM-0000154,Rajesh Reddy,,ನಾಗರಾಜ್ ರೆಡ್ಡಿ,kannada,1.0,alias_generator
CRM-0000154,Rajesh Reddy,,Rajesh R.,name_variant,1.0,alias_generator
CRM-0000155,Anita Shastri,,alias Anita,name_variant,1.0,alias_generator
CRM-0000156,Ganesh Gowda,,alias Ganesh,name_variant,1.0,alias_generator
CRM-0000156,Ganesh Gowda,,Ganesh,name_variant,1.0,alias_generator
CRM-0000157,Swathi Tantri,,S. Tantri,name_variant,1.0,alias_generator
CRM-0000158,Amala Reddy,,Amala Rdy.,name_variant,1.0,alias_generator
CRM-0000159,Deepak Vokkaliga,,Deepak,name_variant,1.0,alias_generator
CRM-0000160,Shruthi Gowda,,Shruthi G.,name_variant,1.0,alias_generator
CRM-0000160,Shruthi Gowda,,Shruthi,name_variant,1.0,alias_generator
CRM-0000161,Suresh Udupi,,Sursh Udupi,name_variant,1.0,alias_generator
CRM-0000162,Ramesh Raju,,R. Raju,name_variant,1.0,alias_generator
CRM-0000163,Umesh Murthy,,ಮಹೇಶ್ ಉಡುಪ,kannada,1.0,alias_generator
CRM-0000163,Umesh Murthy,,Umesh,name_variant,1.0,alias_generator
CRM-0000164,Manjunath Swamy,,alias Manjunath,name_variant,1.0,alias_generator
CRM-0000164,Manjunath Swamy,,Menjuneth Swamy,name_variant,1.0,alias_generator
CRM-0000164,Manjunath Swamy,,Manjunatha Swamy,name_variant,1.0,alias_generator
CRM-0000165,Vikram Aras,,ನವೀನ್ ಅಯ್ಯರ್,kannada,1.0,alias_generator
CRM-0000165,Vikram Aras,,Vikrem Aras,name_variant,1.0,alias_generator
CRM-0000166,Priya Kumar,,P. Kumar,name_variant,1.0,alias_generator
CRM-0000166,Priya Kumar,,Pr1ya Kumar,name_variant,1.0,alias_generator
CRM-0000167,Deepa Desai,,a/k/a Deepa,name_variant,1.0,alias_generator
CRM-0000167,Deepa Desai,,ಜ್ಯೋತಿ ತಂತ್ರಿ,kannada,1.0,alias_generator
CRM-0000168,Kiran Gowda,,Kiran,name_variant,1.0,alias_generator
CRM-0000168,Kiran Gowda,,Kiran Gwd.,name_variant,1.0,alias_generator
CRM-0000168,Kiran Gowda,,K. Gowda,name_variant,1.0,alias_generator
CRM-0000169,Raghavendra Kumar,,ಅನಿಲ್ ರೆಡ್ಡಿ,kannada,1.0,alias_generator
CRM-0000169,Raghavendra Kumar,,R. Kumar,name_variant,1.0,alias_generator
CRM-0000170,Umesh Pillai,,@Umesh,name_variant,1.0,alias_generator
CRM-0000170,Umesh Pillai,,ಶ್ರೀಕಾಂತ್ ಕುಮಾರ್,kannada,1.0,alias_generator
CRM-0000170,Umesh Pillai,,Umesh,name_variant,1.0,alias_generator
CRM-0000171,Ganesh Singh,,ಸಂದೀಪ್ ಹೆಗಡೆ,kannada,1.0,alias_generator
CRM-0000171,Ganesh Singh,,Ganesh S.,name_variant,1.0,alias_generator
CRM-0000172,Priya Kumar,,P. Kumar,name_variant,1.0,alias_generator
CRM-0000172,Priya Kumar,,Priya,name_variant,1.0,alias_generator
CRM-0000173,Suresh Tantri,,ನಾಗರಾಜ್ ತಂತ್ರಿ,kannada,1.0,alias_generator
CRM-0000173,Suresh Tantri,,Suresh,name_variant,1.0,alias_generator
CRM-0000173,Suresh Tantri,,@Suresh,name_variant,1.0,alias_generator
CRM-0000174,Gaurav Naik,,Gaurav N.,name_variant,1.0,alias_generator
CRM-0000175,Ravi Raju,,R. Raju,name_variant,1.0,alias_generator
CRM-0000175,Ravi Raju,,ಮಹೇಶ್ ನಂಬಿಯಾರ್,kannada,1.0,alias_generator
CRM-0000176,Saritha Hegde,,Saritha,name_variant,1.0,alias_generator
CRM-0000176,Saritha Hegde,,Saritha H.,name_variant,1.0,alias_generator
CRM-0000176,Saritha Hegde,,S. Hegde,name_variant,1.0,alias_generator
CRM-0000177,Meera Murthy,,Meera,name_variant,1.0,alias_generator
CRM-0000178,Suresh Tantri,,Suresh,name_variant,1.0,alias_generator
CRM-0000179,Basavaraj Udupi,,ಬಸವರಾಜ್ ಲಿಂಗಾಯತ್,kannada,1.0,alias_generator
CRM-0000179,Basavaraj Udupi,,B. Udupi,name_variant,1.0,alias_generator
CRM-0000179,Basavaraj Udupi,,Basavaraj U.,name_variant,1.0,alias_generator
CRM-0000180,Sneha Reddy,,Sneha R.,name_variant,1.0,alias_generator
CRM-0000180,Sneha Reddy,,a/k/a Sneha,name_variant,1.0,alias_generator
CRM-0000181,Prakash Gowda,,Prakash Gwd.,name_variant,1.0,alias_generator
CRM-0000181,Prakash Gowda,,a/k/a Prakash,name_variant,1.0,alias_generator
CRM-0000181,Prakash Gowda,,Prakash G.,name_variant,1.0,alias_generator
CRM-0000182,Satish Nayak,,Stsh Nayak,name_variant,1.0,alias_generator
CRM-0000183,Gaurav Pillai,,ಗಣೇಶ್ ಅರಸ್,kannada,1.0,alias_generator
CRM-0000183,Gaurav Pillai,,G. Pillai,name_variant,1.0,alias_generator
CRM-0000183,Gaurav Pillai,,@Gaurav,name_variant,1.0,alias_generator
CRM-0000184,Gaurav Vokkaliga,,Gaurav,name_variant,1.0,alias_generator
CRM-0000185,Anita Tantri,,ಸರಿತಾ ಭಟ್,kannada,1.0,alias_generator
CRM-0000186,Ramesh Udupi,,R. Udupi,name_variant,1.0,alias_generator
CRM-0000186,Ramesh Udupi,,ಗೌರವ್ ಸ್ವಾಮಿ,kannada,1.0,alias_generator
CRM-0000187,Pooja Thakur,,Pooja T.,name_variant,1.0,alias_generator
CRM-0000188,Ravi Desai,,ರಮೇಶ್ ಅರಸ್,kannada,1.0,alias_generator
CRM-0000189,Shivakumar Rao,,Shivakunnr Rao,name_variant,1.0,alias_generator
CRM-0000189,Shivakumar Rao,,Shivakumar R.,name_variant,1.0,alias_generator
CRM-0000190,Nagaraj Krishnamurthy,,Nagaraj K.,name_variant,1.0,alias_generator
CRM-0000190,Nagaraj Krishnamurthy,,N. Krishnamurthy,name_variant,1.0,alias_generator
CRM-0000191,Vinay Adiga,,V. Adiga,name_variant,1.0,alias_generator
CRM-0000191,Vinay Adiga,,Vinay,name_variant,1.0,alias_generator
CRM-0000192,Deepa Bhat,,D. Bhat,name_variant,1.0,alias_generator
CRM-0000193,Sandeep Sharma,,@Sandeep,name_variant,1.0,alias_generator
CRM-0000193,Sandeep Sharma,,Sandeep,name_variant,1.0,alias_generator
CRM-0000194,Rajesh Aras,,Rjesh Aras,name_variant,1.0,alias_generator
CRM-0000194,Rajesh Aras,,Rajesh A.,name_variant,1.0,alias_generator
CRM-0000194,Rajesh Aras,,R. Aras,name_variant,1.0,alias_generator
CRM-0000195,Sneha Shetty,,Sneho Shetty,name_variant,1.0,alias_generator
CRM-0000195,Sneha Shetty,,S. Shetty,name_variant,1.0,alias_generator
CRM-0000196,Rohit Murthy,,ಸಂದೀಪ್ ಭಟ್,kannada,1.0,alias_generator
CRM-0000196,Rohit Murthy,,Rohit,name_variant,1.0,alias_generator
CRM-0000196,Rohit Murthy,,Rohit M.,name_variant,1.0,alias_generator
CRM-0000197,Nitya Pillai,,Nitya P.,name_variant,1.0,alias_generator
CRM-0000197,Nitya Pillai,,Nitya,name_variant,1.0,alias_generator
CRM-0000197,Nitya Pillai,,N. Pillai,name_variant,1.0,alias_generator
CRM-0000198,Rajesh Joshi,,Rajesh J.,name_variant,1.0,alias_generator
CRM-0000198,Rajesh Joshi,,Rajish Joshi,name_variant,1.0,alias_generator
CRM-0000198,Rajesh Joshi,,R. Joshi,name_variant,1.0,alias_generator
CRM-0000199,Shivakumar Nayak,,S. Kumar Nayak,name_variant,1.0,alias_generator
CRM-0000199,Shivakumar Nayak,,alias Shivakumar,name_variant,1.0,alias_generator
CRM-0000200,Prashanth Swamy,,Prshanth Swamy,name_variant,1.0,alias_generator
CRM-0000200,Prashanth Swamy,,P. Swamy,name_variant,1.0,alias_generator
CRM-0000201,Tejas Singh,,Tejas,name_variant,1.0,alias_generator
CRM-0000201,Tejas Singh,,Tejas S.,name_variant,1.0,alias_generator
CRM-0000202,Harsh Patil,,ರೋಹಿತ್ ವೊಕ್ಕಲಿಗ,kannada,1.0,alias_generator
CRM-0000202,Harsh Patil,,Harsh,name_variant,1.0,alias_generator
CRM-0000203,Prakash Verma,,Prakash V.,name_variant,1.0,alias_generator
CRM-0000203,Prakash Verma,,Prakesh Verma,name_variant,1.0,alias_generator
CRM-0000204,Swathi Hegde,,Swathi H.,name_variant,1.0,alias_generator
CRM-0000204,Swathi Hegde,,S. Hegde,name_variant,1.0,alias_generator
CRM-0000204,Swathi Hegde,,Swathi,name_variant,1.0,alias_generator
CRM-0000205,Satish Singh,,Sotish Singh,name_variant,1.0,alias_generator
CRM-0000206,Yogesh Naik,,ಅನಿಲ್ ಅಡಿಗ,kannada,1.0,alias_generator
CRM-0000206,Yogesh Naik,,Yogesh Nk.,name_variant,1.0,alias_generator
CRM-0000206,Yogesh Naik,,Y. Naik,name_variant,1.0,alias_generator
CRM-0000207,Prashanth Krishnamurthy,,Prashanth K.,name_variant,1.0,alias_generator
CRM-0000207,Prashanth Krishnamurthy,,Prshonth Krishnamurthy,name_variant,1.0,alias_generator
CRM-0000208,Meera Kumar,,Meera K.,name_variant,1.0,alias_generator
CRM-0000209,Manjunath Kumar,,ಸತೀಶ್ ಹೆಗಡೆ,kannada,1.0,alias_generator
CRM-0000209,Manjunath Kumar,,alias Manjunath,name_variant,1.0,alias_generator
CRM-0000209,Manjunath Kumar,,Manjunath,name_variant,1.0,alias_generator
CRM-0000210,Nirmala Naik,,ಸರಿತಾ ಸ್ವಾಮಿ,kannada,1.0,alias_generator
CRM-0000210,Nirmala Naik,,Nirmala,name_variant,1.0,alias_generator
CRM-0000211,Prashanth Pillai,,P. Pillai,name_variant,1.0,alias_generator
CRM-0000211,Prashanth Pillai,,Prashanth,name_variant,1.0,alias_generator
CRM-0000212,Lakshmi Nambiar,,Lakshmi,name_variant,1.0,alias_generator
CRM-0000212,Lakshmi Nambiar,,Lakshmi N.,name_variant,1.0,alias_generator
CRM-0000213,Rekha Adiga,,Rekha,name_variant,1.0,alias_generator
CRM-0000214,Gaurav Aras,,Gaurav A.,name_variant,1.0,alias_generator
CRM-0000214,Gaurav Aras,,G. Aras,name_variant,1.0,alias_generator
CRM-0000215,Naveen Prabhu,,Naveen,name_variant,1.0,alias_generator
CRM-0000215,Naveen Prabhu,,Navee Prabhu,name_variant,1.0,alias_generator
CRM-0000215,Naveen Prabhu,,Naveen P.,name_variant,1.0,alias_generator
CRM-0000216,Nagaraj Kamath,,Nagaraj,name_variant,1.0,alias_generator
CRM-0000216,Nagaraj Kamath,,alias Nagaraj,name_variant,1.0,alias_generator
CRM-0000216,Nagaraj Kamath,,N. Kamath,name_variant,1.0,alias_generator
CRM-0000217,Deepak Desai,,ರೋಹಿತ್ ಕೃಷ್ಣಮೂರ್ತಿ,kannada,1.0,alias_generator
CRM-0000218,Prashanth Nambiar,,@Prashanth,name_variant,1.0,alias_generator
CRM-0000218,Prashanth Nambiar,,Prashanth N.,name_variant,1.0,alias_generator
CRM-0000219,Anjali Sharma,,ಕವಿತಾ ಪಾಟೀಲ್,kannada,1.0,alias_generator
CRM-0000220,Sneha Desai,,Sneha,name_variant,1.0,alias_generator
CRM-0000220,Sneha Desai,,ಶಾಂತಾ ಜೋಶಿ,kannada,1.0,alias_generator
CRM-0000220,Sneha Desai,,S. Desai,name_variant,1.0,alias_generator
CRM-0000221,Satish Udupi,,Satish,name_variant,1.0,alias_generator
CRM-0000221,Satish Udupi,,Satish U.,name_variant,1.0,alias_generator
CRM-0000221,Satish Udupi,,ಪ್ರಶಾಂತ್ ಕೃಷ್ಣಮೂರ್ತಿ,kannada,1.0,alias_generator
CRM-0000222,Priya Vokkaliga,,Priya,name_variant,1.0,alias_generator
CRM-0000222,Priya Vokkaliga,,a/k/a Priya,name_variant,1.0,alias_generator
CRM-0000223,Harsh Krishnamurthy,,Harsh,name_variant,1.0,alias_generator
CRM-0000224,Basavaraj Pillai,,B. Pillai,name_variant,1.0,alias_generator
CRM-0000224,Basavaraj Pillai,,Basavaraj P.,name_variant,1.0,alias_generator
CRM-0000224,Basavaraj Pillai,,alias Basavaraj,name_variant,1.0,alias_generator
CRM-0000225,Srikanth Joshi,,ಕಿರಣ್ ಉಡುಪ,kannada,1.0,alias_generator
CRM-0000225,Srikanth Joshi,,Sriketh Joshi,name_variant,1.0,alias_generator
CRM-0000225,Srikanth Joshi,,Srikanth J.,name_variant,1.0,alias_generator
CRM-0000226,Lakshmi Lingayat,,Lakshmi,name_variant,1.0,alias_generator
CRM-0000227,Vikram Verma,,Vikran Verma,name_variant,1.0,alias_generator
CRM-0000227,Vikram Verma,,V. Verma,name_variant,1.0,alias_generator
CRM-0000227,Vikram Verma,,ತೇಜಸ್ ಪ್ರಭು,kannada,1.0,alias_generator
CRM-0000228,Jyothi Pillai,,ಶಾಂತಾ ಮೂರ್ತಿ,kannada,1.0,alias_generator
CRM-0000228,Jyothi Pillai,,Jyothi P.,name_variant,1.0,alias_generator
CRM-0000228,Jyothi Pillai,,Jyothi,name_variant,1.0,alias_generator
CRM-0000229,Ramesh Adiga,,Ramsh Adiga,name_variant,1.0,alias_generator
CRM-0000230,Mohan Shetty,,Mohan Sht.,name_variant,1.0,alias_generator
CRM-0000231,Vidya Verma,,V. Verma,name_variant,1.0,alias_generator
CRM-0000231,Vidya Verma,,a/k/a Vidya,name_variant,1.0,alias_generator
CRM-0000231,Vidya Verma,,Vidya,name_variant,1.0,alias_generator
CRM-0000232,Abhishek Raju,,Obhishek Raju,name_variant,1.0,alias_generator
CRM-0000232,Abhishek Raju,,ಮಹೇಶ್ ತಂತ್ರಿ,kannada,1.0,alias_generator
CRM-0000233,Suma Aras,,Suma A.,name_variant,1.0,alias_generator
CRM-0000233,Suma Aras,,Suma,name_variant,1.0,alias_generator
CRM-0000234,Deepa Desai,,Deepa D.,name_variant,1.0,alias_generator
CRM-0000234,Deepa Desai,,D. Desai,name_variant,1.0,alias_generator
CRM-0000234,Deepa Desai,,Deepah Desai,name_variant,1.0,alias_generator
CRM-0000235,Nagaraj Lingayat,,Nagaraj L.,name_variant,1.0,alias_generator
CRM-0000235,Nagaraj Lingayat,,Nagaraj,name_variant,1.0,alias_generator
CRM-0000235,Nagaraj Lingayat,,ಸತೀಶ್ ಮೂರ್ತಿ,kannada,1.0,alias_generator
CRM-0000236,Nitya Shetty,,Mitye Shetty,name_variant,1.0,alias_generator
CRM-0000236,Nitya Shetty,,ಭಾರತಿ ತಂತ್ರಿ,kannada,1.0,alias_generator
CRM-0000237,Anjali Krishnamurthy,,Anjali,name_variant,1.0,alias_generator
CRM-0000238,Anjali Desai,,a/k/a Anjali,name_variant,1.0,alias_generator
CRM-0000239,Ramesh Reddy,,Ramesh R.,name_variant,1.0,alias_generator
CRM-0000239,Ramesh Reddy,,Rameesh Reddy,name_variant,1.0,alias_generator
CRM-0000239,Ramesh Reddy,,R. Reddy,name_variant,1.0,alias_generator
CRM-0000240,Basavaraj Hegde,,Basaverej Hegde,name_variant,1.0,alias_generator
CRM-0000240,Basavaraj Hegde,,ಪ್ರಶಾಂತ್ ಅಯ್ಯರ್,kannada,1.0,alias_generator
CRM-0000240,Basavaraj Hegde,,Basavaraj H.,name_variant,1.0,alias_generator
CRM-0000241,Anil Murthy,,ಮಹೇಶ್ ಲಿಂಗಾಯತ್,kannada,1.0,alias_generator
CRM-0000241,Anil Murthy,,Ainil Murthy,name_variant,1.0,alias_generator
CRM-0000242,Tejas Shastri,,ಯೋಗೇಶ್ ನಾಯ್ಕ್,kannada,1.0,alias_generator
CRM-0000242,Tejas Shastri,,Tejas S.,name_variant,1.0,alias_generator
CRM-0000243,Sujatha Bhat,,ನಿರ್ಮಲಾ ಉಡುಪ,kannada,1.0,alias_generator
CRM-0000243,Sujatha Bhat,,Sujatha,name_variant,1.0,alias_generator
CRM-0000243,Sujatha Bhat,,Sujatha B.,name_variant,1.0,alias_generator
CRM-0000244,Basavaraj Shastri,,Basavaraj,name_variant,1.0,alias_generator
