fir_id,event_id,fir_number,station_id,district_id,district_name,occurred_date,reported_date,crime_type,crime_category,ipc_sections,severity,status,description_en,description_kn,latitude,longitude,complainant_name,complainant_phone,complainant_address,estimated_loss_inr,num_accused,num_victims,num_witnesses,is_gang_crime,season,accomplice_criminal_ids,vehicle_ids,phone_ids,campaign_id,nearest_poi_id,investigating_officer_id,sho_officer_id,gang_id,festival_context,primary_criminal_id,victims,accused_list
FIR-VKT-2021-00001-NOISE,EVT-00000001-20210101,KA/VKT/2021/00001,STN-KA-VKT-0014,KA-VKT,Vijayanagara,2021-01-01,2021-01-01,BURGLARY,property,457,3,Under Investigation,Info rcvd: Housebreaking reported. Offenders entered through window entry and decamped with bangaara,,14.948603,76.041678,Satish Nayak,6957607911,Karnataka - 578157,306800.8,1,3,1,true,winter,,,PHN-00003639,,,OFF-0003276,,GANG-0001,,CRM-0000064,,
FIR-BLG-2021-00002-NOISE,EVT-00000001-20210103,KA/BLG/2021/00002,STN-KA-BLG-0004,KA-BLG,Belagavi,2021-01-03,2021-01-03,BURGLARY,property,457,3,Under Investigation,"As per the written complaint received, Housebreaking reported. Offenders entered through digital acc","ಆರೋಪಿಯು digital access ಮೂಲಕ ದೂರುದಾರರ ಮನೆಗೆ ನುಗ್ಗಿ ರೂ. 439,942 ಮೌಲ್ಯದ gold jewellery ಕದ್ದಿದ್ದಾನೆ.",15.875479,74.578749,Deepa Murthy,7135390728,Karnataka - 584467,439942.64,1,2,2,false,winter,,VEH-00000920,PHN-00002263,,,OFF-0001289,OFF-0001289,,,CRM-0000183,,
FIR-CHB-2021-00001-NOISE,EVT-00000000-20210104,KA/CHB/2021/00001,STN-KA-CHB-0015,KA-CHB,Chikkaballapura,2021-01-04,2021-01-04,CHAIN,property,392,3,Under Investigation,"The complainant was traveling when 2 persons on motorcycle snatched gold chain worth Rs. 32,219.","ದೂರುದಾರರು ಸಂಚಾರ ಮಾಡುತ್ತಿದ್ದಾಗ 2 ವ್ಯಕ್ತಿಗಳು ಮೋಟಾರ್ ಸೈಕಲ್ ಮೇಲೆ ಬಂದು ರೂ. 32,219 ಮೌಲ್ಯದ ಚಿನ್ನದ ಸರ ಎಳೆದುಕೊಂಡು ಓಡಿದ್ದಾರೆ.",13.798287,77.543129,Anil Prabhu,6008523087,Karnataka - 586074,32219.27,1,1,1,false,winter,,,PHN-00001294,,,,,,,CRM-0000102,,
FIR-BLR-2021-00003-NOISE,EVT-00000000-20210105,KA/BLR/2021/00003/DUP,STN-KA-BLR-0030,KA-BLR,Bengaluru Urban,2021-01-05,2021-01-05,ARSON,property,436,4,Under Investigation,Info rcvd: Unknown person(s) committed theft of cash from bus stand. Complainant noticed the theft at 20:00 hours.,ಅಜ್ಞಾತ ವ್ಯಕ್ತಿ(ಗಳು) mane hatra ದಿಂದ two-wheeler ಕದ್ದಿದ್ದಾರೆ. 22:00 hours ಗಂಟೆಗೆ ಕಳ್ಳತನ ಗೊತ್ತಾಯಿತು.,13.063519382093856,77.53652918992941,Shantha Lingayat,9939218517,Karnataka - 575455,3759884.06,1,3,0,true,winter,,VEH-00000221,PHN-00000532,,,OFF-0000271,OFF-0000283,GANG-0002,,CRM-0000141,,
FIR-BLR-2021-00006-NOISE,EVT-00000000-20210108,KA/BLR/2021/00006,STN-KA-BLR-0043,KA-BLR,Bengaluru Urban,2021-01-08,2021-01-13,ARSON,property,436|324|34,4,Charge Sheet Filed,"As per the written complaint received, Unknown person(s) committed theft of two-wheeler form market area. Complainant noticed the theft at 22:00 hours. Requesting further investigation.","ದೂರುದಾರರು ವರದಿ ಮಾಡಿದ ಪ್ರಕಾರ ಆರೋಪಿಯು mane hatra ದಿಂದ ರೂ. 3,837,759 ಮೌಲ್ಯದ gold jewellery ಕದ್ದಿದ್ದಾನೆ.",13.022654,77.437243,Kiran Adiga,7908417414,Karnataka - 594581,3837759.03,1,5,0,true,winter,,VEH-00000221,PHN-00000532,,,OFF-0000409,OFF-0000409,GANG-0002,,CRM-0000141,,
FIR-BLR-2021-00008-NOISE,EVT-00000000-20210109,KA/BLR/2021/00008,STN-KA-BLR-0027,KA-BLR,Bengaluru Urban,2021-01-09,2021-01-10,ARSON,property,436,4,Transferred,"Info rcvd: Gold mobile phone kaddidaren from hs while complnt was away. Total loss estimated at Rs. 437,488.",,12.891094,77.668069,Prakash Kumar,6461393421,Karnataka - 575092,437488.83,1,1,1,true,winter,,VEH-00000221,,,,OFF-0000252,OFF-0000252,GANG-0002,,CRM-0000141,,
FIR-DVG-2021-00001-NOISE,EVT-00000002-20210110,KA/DVG/2021/00001,STN-KA-DVG-0001,KA-DVG,Davanagere,2021-01-10,2021-01-10,CHAIN,property,392|324|34,3,Final Report,It is submitted that Accused snatched gold chain weighing 27 grams from complainant near mane hatra. Requesting further investigation.,,,,Vidya Tantri,8686159644,Karnataka - 593297,16029.12,1,1,0,false,winter,,,,,,,,,,,,
FIR-BLR-2021-00013-NOISE,EVT-00000000-20210113,KA/BLR/2021/00013,STN-KA-BLR-0045,KA-BLR,Bengaluru Urban,2021-01-13,2021-01-14,ARSON,property,436,4,Transferred,Unknown person(s) committed theft of bangaara form bus stand. Complainant noticed the theft at 20:00 hours.,"ದೂರುದಾರರು ವರದಿ ಮಾಡಿದ ಪ್ರಕಾರ ಆರೋಪಿಯು near railway gate ದಿಂದ ರೂ. 3,208,839 ಮೌಲ್ಯದ gold jewellery ಕದ್ದಿದ್ದಾನೆ.",12.832626,77.712953,S. Nayak,6870264811,Karnataka - 572223,3208839.75,1,2,1,true,winter,,VEH-00000221,PHN-00000532,,,,,GANG-0002,,CRM-0000141,,
FIR-RBG-2021-00008-NOISE,EVT-00000001-20210118,KA/RBG/2021/00008,STN-KA-RBG-0014,KA-RBG,Dharwad,2021-01-18,2021-01-18,CHAIN,property,392|324|34,3,Under Investigation,Chain snatching incident reported near market area. Two persons on public bus snatched chain and fled.,"ದೂರುದಾರರು ಸಂಚಾರ ಮಾಡುತ್ತಿದ್ದಾಗ 5 ವ್ಯಕ್ತಿಗಳು ಮೋಟಾರ್ ಸೈಕಲ್ ಮೇಲೆ ಬಂದು ರೂ. 289,807 ಮೌಲ್ಯದ ಚಿನ್ನದ ಸರ ಎಳೆದುಕೊಂಡು ಓಡಿದ್ದಾರೆ.",,,Sneha Verma,9903043955,Karnataka - 567526,289807.04,1,3,0,false,winter,,,,,,OFF-0003700,OFF-0003693,,,,,
FIR-BLR-2021-00020-NOISE,EVT-00000000-20210121,KA/BLR/2021/00020,STN-KA-BLR-0052,KA-BLR,Bengaluru Urban,2021-01-21,2021-01-22,ARSON,property,436,4,Under Investigation,"Info rcvd: The complnt reported that teh accsd stole duddu valued at Rs. 236,268 from near railway gate on yesterday.",,13.085749,77.374143,Lakshmi Shastri,7495511048,Karnataka - 575903,236268.64,1,5,0,true,winter,,VEH-00000221,PHN-00000532,,,OFF-0000502,OFF-0000502,GANG-0002,,CRM-0000141,,
FIR-HBL-2021-00004-NOISE,EVT-00000002-20210128,KA/HBL/2021/00004,STN-KA-HBL-0018,KA-HBL,Hubballi-Dharwad,2021-01-28,2021-01-28,NARCOTICS,narcotics,NDPS_20|324|34,4,Charge Sheet Filed,Accused apprehended with 6g of heroin near near railway gate. Contraband seized.,"ದೂರುದಾರರು ವರದಿ ಮಾಡಿದ ಪ್ರಕಾರ ಆರೋಪಿಯು near railway gate ದಿಂದ ರೂ. 46,444,297 ಮೌಲ್ಯದ duddu ಕದ್ದಿದ್ದಾನೆ.",,,Ramesh Naik,9230026134,Karnataka - 577244,46444297.84,1,2,2,false,winter,,,PHN-00000947,,,OFF-0001188,,,,CRM-0000142,,
FIR-BLR-2021-00025-NOISE,EVT-00000000-20210129,KA/BLR/2021/00025,STN-KA-BLR-0011,KA-BLR,Bengaluru Urban,2021-01-29,2021-02-01,ARSON,property,436,4,Final Report,"Info rcvd: Gold mobile phone stolen from hs while complnt was away. Total loss estimated at Rs. 3,130,486.",,,,Satish Desai,7069362994,Karnataka - 571320,3130486.71,1,2,1,true,winter,,VEH-00000221,PHN-00000532,,,,,GANG-0002,,CRM-0000141,,
FIR-RBG-2021-00015-NOISE,EVT-00000001-20210129,KA/RBG/2021/00015,STN-KA-RBG-0020,KA-RBG,Dharwad,2021-01-29,2021-01-30,RIOTING,violent,147,4,Under Investigation,"It is submitted that Gold duddu stolen from house while complainant was away. Total loss estimated at Rs. 69,490. Forwarded for necessary action.",,15.511839,75.01063,@Rekha,7073931187,Karnataka - 574613,69490.86,1,4,0,true,winter,,,PHN-00003639,,,OFF-0003742,,GANG-0001,,CRM-0000064,,
FIR-VKT-2021-00006-NOISE,EVT-00000002-20210129,KA/VKT/2021/00006,STN-KA-VKT-0011,KA-VKT,Vijayanagara,2021-01-29,2021-01-31,RIOTING,violent,147,4,Under Investigation,"As per the written complaint received, The complainant reported that the accused stole cash valued at Rs. 111,820 from street on on the date of incident. FIR registered.",,15.131022,76.286824,a/k/a Seeta,7298630188,Karnataka - 580894,111820.58,1,2,2,true,winter,,,PHN-00004109,,,OFF-0003262,OFF-0003262,GANG-0001,,CRM-0000064,,
FIR-HVR-2021-00002-NOISE,EVT-00000001-20210131,KA/HVR/2021/00002,STN-KA-HVR-0005,KA-HVR,Haveri,2021-01-31,2021-02-02,ASSAULT,violent,324,3,Under Investigation,Info rcvd: The accsd assaulted the complnt with bare hands causing injuries near street.,,14.637089487234384,75.19864652168968,Akash Rao,7320165161,Karnataka - 561094,37927.03,1,1,1,true,winter,,VEH-00000165,,,,OFF-0003109,OFF-0003109,GANG-0000,,CRM-0000118,,
FIR-BLR2-2021-00005-NOISE,EVT-00000001-20210206,KA/BLR2/2021/00005,STN-KA-BLR2-0018,KA-BLR2,Ballari,2021-02-06,2021-02-09,FRAUD,fraud,420|324|34,3,Under Investigation,"Info rcvd: Accused obtained Rs. 9,706,838 from complnt on false pretext of lottery.",,14.970535,76.601011,Bharathi Lingayat,9391875025,Karnataka - 588640,9706838.28,1,2,1,false,winter,,,,,,OFF-0003508,,,,CRM-0000113,,
FIR-RBG-2021-00021-NOISE,EVT-00000000-20210207,KA/RBG/2021/00021,STN-KA-RBG-0024,KA-RBG,Dharwad,2021-02-07,2021-02-10,RIOTING,violent,147,4,Final Report,"It is submitted that Gold laptop stolen from house while complainant was away. Total loss estimated at Rs. 122,202. FIR registered.",,15.201288,74.817247,Rekha Joshi,8922014834,Karnataka - 589910,122202.39,1,1,2,true,winter,,,PHN-00004109,,,OFF-0003779,,GANG-0001,,CRM-0000064,,
FIR-RBG-2021-00023-NOISE,EVT-00000000-20210209,KA/RBG/2021/00023,STN-KA-RBG-0003,KA-RBG,Dharwad,2021-02-09,2021-02-10,RIOTING,violent,147|324|34,4,Final Report,"The complainant has approached the PS stating that Gold bangaara stolen from house while complainant was away. Total loss estimated at Rs. 89,036. Forwarded for necessary action.",ಅಜ್ಞಾತ ವ್ಯಕ್ತಿ(ಗಳು) bus stand ದಿಂದ laptop ಕದ್ದಿದ್ದಾರೆ. 22:00 hours ಗಂಟೆಗೆ ಕಳ್ಳತನ ಗೊತ್ತಾಯಿತು.,15.432242,75.368308,Suma Thakur,6306547298,Karnataka - 567496,89036.96,1,3,2,true,winter,,,PHN-00003639,,,OFF-0003615,OFF-0003615,GANG-0001,,CRM-0000064,,
FIR-VKT-2021-00015-NOISE,EVT-00000001-20210211,KA/VKT/2021/00015,STN-KA-VKT-0005,KA-VKT,Vijayanagara,2021-02-11,2021-02-11,ARSON,property,436,4,Closed (Undetected),Unknown person(s) committed theft of mobile phone from street. Complainant noticed the theft at 20:00 hours.,,15.241206,76.443309,Saritha Sg.,9428446619,Karnataka - 573827,616712.38,1,2,1,true,winter,,VEH-00000221,PHN-00000532,,,,,GANG-0002,,CRM-0000141,,
FIR-BLR2-2021-00006-NOISE,EVT-00000001-20210212,KA/BLR2/2021/00006,STN-KA-BLR2-0024,KA-BLR2,Ballari,2021-02-12,2021-02-13,POSSESS,narcotics,NDPS_27|324|34,3,Charge Sheet Filed,"As per teh written complaint received, Unknown person(s) committed theft of bangaara from bus stand. Complainant noticed teh theft at 23:00 hours. Requesting further investigation.",ಅಜ್ಞಾತ ವ್ಯಕ್ತಿ(ಗಳು) complainant house ದಿಂದ bangaara ಕದ್ದಿದ್ದಾರೆ. 20:00 hours ಗಂಟೆಗೆ ಕಳ್ಳತನ ಗೊತ್ತಾಯಿತು.,14.870754,76.92782,Geetha Shastri,8550512266,Karnataka - 566285,85589.07,1,3,2,false,winter,,VEH-00000047,PHN-00000097,,,OFF-0003534,OFF-0003534,,,CRM-0000021,,
FIR-HVR-2021-00009-NOISE,EVT-00000002-20210213,KA/HVR/2021/00009,STN-KA-HVR-0006,KA-HVR,Haveri,2021-02-13,2021-02-13,ASSAULT,violent,324,3,Under Investigation,It is submitted that Complainant was attacked by 3 persons. Injuries sustained. Admitted to hospital,ಆರೋಪಿಯು bare hands ಬಳಸಿ ದೂರುದಾರರ ಮೇಲೆ near railway gate ಬಳಿ ಹಲ್ಲೆ ಮಾಡಿದ್ದಾನೆ.,14.766042,75.256197,Ramesh Lingayat,8496425084,Karnataka - 591819,41852.56,1,1,2,true,winter,,VEH-00000165,PHN-00004123,,,OFF-0003111,,GANG-0000,,CRM-0000118,,
FIR-RMN-2021-00002-NOISE,EVT-00000001-20210215,KA/RMN/2021/00002/DUP,STN-KA-RMN-0017,KA-RMN,Ramanagara,2021-02-15,2021-02-15,BURGLARY,property,457,3,Under Investigation,The complainant has approached the PS stating that Unknown persons broke window entry and committed theft of two-wheeler. Case registered u/s 457 IPC. Forwarded for necessary action.,"ಆರೋಪಿಯು window entry ಮೂಲಕ ದೂರುದಾರರ ಮನೆಗೆ ನುಗ್ಗಿ ರೂ. 413,460 ಮೌಲ್ಯದ duddu ಕದ್ದಿದ್ದಾನೆ.",12.837348,77.386364,Anjali Murthy,9941794020,Karnataka - 596685,413460.99,1,1,1,false,winter,,,PHN-00002031,,,OFF-0003038,OFF-0003038,,,CRM-0000090,,
FIR-RBG-2021-00031-NOISE,EVT-00000000-20210218,KA/RBG/2021/00031,STN-KA-RBG-0026,KA-RBG,Dharwad,2021-02-18,2021-02-19,RIOTING,violent,147,4,Under Investigation,Info rcvd: Unknown person(s) committed theft of gold jewellery from shop. Complainant noticed the theft at 22:00 hours.,,15.628197,75.144944,Swathi Tantri,9324713305,Karnataka - 572774,107016.48,1,4,0,true,winter,,,PHN-00003639,,,OFF-0003788,OFF-0003788,GANG-0001,,CRM-0000064,,
FIR-HVR-2021-00014-NOISE,EVT-00000001-20210218,KA/HVR/2021/00014,STN-KA-HVR-0001,KA-HVR,Haveri,2021-02-18,2021-02-18,ASSAULT,violent,324,3,Under Investigation,The complainant has approached the PS stating that The accused assaulted the complainant with bare hands causing injuries near bus stand. Forwarded for necessary action.,ಆರೋಪಿಯು bare hands ಬಳಸಿ ದೂರುದಾರರ ಮೇಲೆ shop ಬಳಿ ಹಲ್ಲೆ ಮಾಡಿದ್ದಾನೆ.,14.55195,75.258874,Prashanth Shastri,9115931062,Karnataka,49874.63,1,3,2,true,winter,,VEH-00000165,PHN-00000374,,,OFF-0003088,OFF-0003087,GANG-0000,,CRM-0000118,,
FIR-MGL-2021-00005-NOISE,EVT-00000002-20210218,KA/MGL/2021/00005/DUP,STN-KA-MGL-0010,KA-MGL,Dakshina Kannada,2021-02-18,2021-02-18,VEH_THEFT,property,379,2,Under Investigation,Vehicle theft reported. motorcycle (KA 09 CC 6605) parked at complainant house found missing.,ದೂರುದಾರರ bike (KA 36 AA 7783) ವಾಹನವು complainant house ನಿಂದ ಕಾಣೆಯಾಗಿದೆ.,12.572668,75.054083,Yogesh Singh,9493895464,Karnataka - 584740,311269.69,1,3,0,true,winter,,,PHN-00003364,,,OFF-0000906,OFF-0000905,GANG-0004,,CRM-0000206,,
FIR-HVR-2021-00017-NOISE,EVT-00000001-20210221,KA/HVR/2021/00017,STN-KA-HVR-0000,KA-HVR,Haveri,2021-02-21,2021-02-23,ASSAULT,violent,324|34,3,Under Investigation,It is submitted that Complainant was attacked by 3 persons. Injuries sustained. Admitted to hospital. Requesting further investigation.,ಆರೋಪಿಯು iron rod ಬಳಸಿ ದೂರುದಾರರ ಮೇಲೆ bus stand ಬಳಿ ಹಲ್ಲೆ ಮಾಡಿದ್ದಾನೆ.,,,Gaurav Verma,8515074046,Karnataka - 569204,32514.06,1,3,0,true,winter,,VEH-00000165,PHN-00004123,,,,,GANG-0000,,CRM-0000118,,
FIR-HBL-2021-00012-NOISE,EVT-00000000-20210227,KA/HBL/2021/00012,STN-KA-HBL-0029,KA-HBL,Hubballi-Dharwad,2021-02-27,2021-02-28,TRESPASS,property,447,2,Under Investigation,The complainant reported that the accused stole duddu valued at Rs. 59 from shop on yesterday.,,15.160847,74.885327,Nitya Kamath,7328999723,Karnataka - 571795,59.29,1,1,0,true,winter,,,PHN-00003364,,,OFF-0001257,OFF-0001259,GANG-0004,,CRM-0000206,,
FIR-HSN-2021-00002-NOISE,EVT-00000001-20210227,KA/HSN/2021/00002,STN-KA-HSN-0001,KA-HSN,Hassan,2021-02-27,2021-02-28,VEH_THEFT,property,379,2,Closed (Undetected),Info rcvd: MC stolen from near railway gate between 08:00 hrs and 13:00 hrs.,,13.125515,76.597248,Deepak Reddy,7833859105,Karnataka - 564813,98588.82,1,3,2,false,winter,,,PHN-00002154,,,OFF-0002275,OFF-0002275,,,CRM-0000094,,
FIR-RBG-2021-00035-NOISE,EVT-00000001-20210228,KA/RBG/2021/00035,STN-KA-RBG-0021,KA-RBG,Dharwad,2021-02-28,2021-03-02,DRUNK_DRV,traffic,185MV|324|34,2,Charge Sheet Filed,"Info rcvd: Gold bangaara stolen from hs whi1e complnt was away. Total loss estimated at Rs. 3,184.",,15.507473,74.97414,Radha Kumar,7720750252,Karnataka - 563633,3184.21,1,3,1,false,winter,,,,,,OFF-0003745,OFF-0003745,,,,,
FIR-BLG-2021-00004-NOISE,EVT-00000002-20210301,KA/BLG/2021/00004,STN-KA-BLG-0020,KA-BLG,Belagavi,2021-03-01,2021-03-01,BURGLARY,property,457,3,Under Investigation,It is submitted that Unknown persons broke social engineering and committed theft of laptop. Case re,"ಆರೋಪಿಯು social engineering ಮೂಲಕ ದೂರುದಾರರ ಮನೆಗೆ ನುಗ್ಗಿ ರೂ. 335,438 ಮೌಲ್ಯದ laptop ಕದ್ದಿದ್ದಾನೆ.",15.589657,74.760427,Naveen Singh,8183953834,Karnataka - 570584,335438.68,1,2,2,false,summer,,VEH-00001254,,,,OFF-0001376,OFF-0001376,,,CRM-0000214,,
FIR-BLR2-2021-00007-NOISE,EVT-00000002-20210302,KA/BLR2/2021/00007,STN-KA-BLR2-0006,KA-BLR2,Ballari,2021-03-02,2021-03-02,THEFT,property,379|324|34,2,Charge Sheet Filed,"As per the written complaint received, Gold mobi1e phone stolen from house while complainant was awa",,15.279761,76.768354,Sneha Singh,7330005079,Karnataka - 596902,36167.58,1,3,0,false,summer,,,,,,OFF-0003426,OFF-0003426,,,,,
FIR-KDG-2021-00004-NOISE,EVT-00000001-20210306,KA/KDG/2021/00004,STN-KA-KDG-0007,KA-KDG,Kodagu,2021-03-06,2021-03-06,VEH_THEFT,property,379|324|34,2,Final Report,Info rcvd: Complainant's MC bearing registration KA 46 AA 2052 was stolen from mane hatra.,,11.882462,76.123694,Geetha Bhat,9357032428,Karnataka - 588279,623486.69,1,1,1,true,summer,,,PHN-00003364,,,OFF-0002433,OFF-0002433,GANG-0004,,CRM-0000206,,
FIR-MGL-2021-00017-NOISE,EVT-00000002-20210306,KA/MGL/2021/00017,STN-KA-MGL-0014,KA-MGL,Dakshina Kannada,2021-03-06,2021-03-08,ROBBERY,property,392|324|34,4,Under Investigation,Info rcvd: The complnt was accosted by 1 accsd persons who bedarike haakidare with country bomb and snatched bangaara.,ಅಜ್ಞಾತ ವ್ಯಕ್ತಿ(ಗಳು) complainant house ದಿಂದ mobile phone ಕದ್ದಿದ್ದಾರೆ. 20:00 hours ಗಂಟೆಗೆ ಕಳ್ಳತನ ಗೊತ್ತಾಯಿತು.,12.510623,74.871763,a/k/a Prakash,7038871300,Karnataka - 592411,86284.37,1,3,1,false,summer,,,,,,OFF-0000941,OFF-0000935,,,,,
FIR-KDG-2021-00006-NOISE,EVT-00000002-20210308,KA/KDG/2021/00006,STN-KA-KDG-0003,KA-KDG,Kodagu,2021-03-08,2021-03-09,VEH_THEFT,property,379,2,Under Investigation,Info rcvd: Vehicle theft reported. MC (KA 48 CC 9897) parked at market area found missing.,ದೂರುದಾರರ gadi (KA 35 CC 3856) ವಾಹನವು market area ನಿಂದ ಕಾಣೆಯಾಗಿದೆ.,12.021451,76.055352,Anil Thakur,7190655490,Karnataka - 587910,822721.04,1,1,2,true,summer,,,PHN-00003364,,,OFF-0002417,OFF-0002417,GANG-0004,,CRM-0000206,,
FIR-KDG-2021-00011-NOISE,EVT-00000001-20210313,KA/KDG/2021/00011/DUP,STN-KA-KDG-0002,KA-KDG,Kodagu,2021-03-13,2021-03-14,VEH_THEFT,property,379|324|34,2,Under Investigation,gadi stolen form complainant house between 10:00 hrs and 16:00 hrs.,,12.025835,75.64563,Ganesh Murthy,8636614040,Karnataka - 574163,252661.17,1,3,2,true,summer,,,PHN-00003364,,,,,GANG-0004,,CRM-0000206,,
FIR-KLP-2021-00012-NOISE,EVT-00000002-20210317,KA/KLP/2021/00012,STN-KA-KLP-0009,KA-KLP,Kalaburagi,2021-03-17,2021-03-19,THEFT,property,379,2,Under Investigation,"As per the written complaint received, The complainant reported that the accused stole bangaara valued at Rs. 35,277 from mane hatra on the above date. Requesting further investigation.","ದೂರುದಾರರು ವರದಿ ಮಾಡಿದ ಪ್ರಕಾರ ಆರೋಪಿಯು street ದಿಂದ ರೂ. 35,277 ಮೌಲ್ಯದ laptop ಕದ್ದಿದ್ದಾನೆ.",17.280354,76.552722,Anjali Desai,6448224037,"Karnataka - 589645, Near Bus Stand",35277.84,1,2,2,true,summer,,VEH-00000221,PHN-00000532,,,OFF-0001518,OFF-0001515,GANG-0002,,CRM-0000141,,
FIR-KLP-2021-00017-NOISE,EVT-00000001-20210321,KA/KLP/2021/00017,STN-KA-KLP-0001,KA-KLP,Kalaburagi,2021-03-21,2021-03-21,THEFT,property,379,2,Closed (Undetected),"The complainant reported that the accused stole two-wheeler valued at Rs. 28,096 from street on yesterday.","ದೂರುದಾರರು ವರದಿ ಮಾಡಿದ ಪ್ರಕಾರ ಆರೋಪಿಯು complainant house ದಿಂದ ರೂ. 28,096 ಮೌಲ್ಯದ two-wheeler ಕದ್ದಿದ್ದಾನೆ.",17.706598,76.73962,Ravi,6664428630,Karnataka - 563460,28096.76,1,3,2,true,summer,,VEH-00000221,PHN-00000532,,,OFF-0001455,OFF-0001455,GANG-0002,,CRM-0000141,,
FIR-BLR-2021-00040-NOISE,EVT-00000002-20210321,KA/BLR/2021/00040,STN-KA-BLR-0019,KA-BLR,Bengaluru Urban,2021-03-21,2021-03-21,CHAIN,property,392,3,Closed (Undetected),"The complainant was traveling when 5 persons on motorcycle snatched gold chain worth Rs. 136,269.","ದೂರುದಾರರು ಸಂಚಾರ ಮಾಡುತ್ತಿದ್ದಾಗ 5 ವ್ಯಕ್ತಿಗಳು ಮೋಟಾರ್ ಸೈಕಲ್ ಮೇಲೆ ಬಂದು ರೂ. 136,269 ಮೌಲ್ಯದ ಚಿನ್ನದ ಸರ ಎಳೆದುಕೊಂಡು ಓಡಿದ್ದಾರೆ.",13.052188,77.652304,Shivakumar Thakur,7646763259,"Karnataka - 566156, Near Bus Stand",136269.55,1,3,1,false,summer,,,PHN-00002261,,,OFF-0000190,OFF-0000190,,,CRM-0000014,,
FIR-MGL-2021-00020-NOISE,EVT-00000000-20210327,KA/MGL/2021/00020,STN-KA-MGL-0002,KA-MGL,Dakshina Kannada,2021-03-27,2021-04-01,TRESPASS,property,447,2,Withdrawn,"As per the written complaint received, Gold laptop stolen from house while complainant was away. Total loss estimated at Rs. 642. Requesting further investigation.",ದೂರುದಾರರು ವರದಿ ಮಾಡಿದ ಪ್ರಕಾರ ಆರೋಪಿಯು near railway gate ದಿಂದ ರೂ. 642 ಮೌಲ್ಯದ gold jewellery ಕದ್ದಿದ್ದಾನೆ.,12.756270047096878,74.98488901839548,Prakash Shetty,8046267575,Karnataka - 584827,642.1,1,1,0,false,summer,,,,,,OFF-0000836,OFF-0000836,,,,,
FIR-BLR-2021-00050-NOISE,EVT-00000000-20210331,KA/BLR/2021/00050,STN-KA-BLR-0053,KA-BLR,Bengaluru Urban,2021-03-31,2021-03-31,BURGLARY,property,457,3,Under Investigation,It is submitted that Unknown persons broke roof entry and committed theft of bangaara. Case registered u/s 457 IPC. Forwarded for necessary action.,,12.958017,77.654525,Yogesh Krishnamurthy,6141962393,Karnataka - 566898,335309.66,1,1,0,true,summer,,VEH-00000221,PHN-00000532,,,,,GANG-0002,,CRM-0000141,,
FIR-BLG-2021-00008-NOISE,EVT-00000000-20210404,KA/BLG/2021/00008,STN-KA-BLG-0023,KA-BLG,Belagavi,2021-04-04,2021-04-07,TRESPASS,property,447,2,Under Investigation,It is submitted that Unknown person(s) committed theft of bangaara form mane hatra. Complainant noticed the theft at 21:00 hours. Forwarded for necessary action.,,16.15916,75.169959,Sujatha Adiga,6754260505,Karnataka - 562059,458.76,1,1,1,false,summer,,,PHN-00000349,,,OFF-0001406,,,,CRM-0000046,,
FIR-VKT-2021-00020-NOISE,EVT-00000001-20210405,KA/VKT/2021/00020,STN-KA-VKT-0004,KA-VKT,Vijayanagara,2021-04-05,2021-04-07,VEH_THEFT,property,379,2,Closed (Undetected),Info rcvd: gadi stolen form near railway gate between 10:00 hrs and 14:00 hrs.,,15.300504,75.820492,Suresh Shetty,6546584398,Karnataka - 571672,1168349.14,1,3,2,false,summer,,,,,,,,,,,,
FIR-KLP-2021-00026-NOISE,EVT-00000000-20210406,KA/KLP/2021/00026/DUP,STN-KA-KLP-0012,KA-KLP,Kalaburagi,2021-04-06,2021-04-06,THEFT,property,379,2,Under Investigation,"As per the written complaint received, The complainant reportd that the accused kaddidare laptop valued at Rs. 3,995 form bus stand on the above date. FIR registered.",ಅಜ್ಞಾತ ವ್ಯಕ್ತಿ(ಗಳು) near railway gate ದಿಂದ bangaara ಕದ್ದಿದ್ದಾರೆ. 19:00 hours ಗಂಟೆಗೆ ಕಳ್ಳತನ ಗೊತ್ತಾಯಿತು.,17.642449,77.313998,Sangeetha Krishnamurthy,6668855530,Karnataka - 560153,3995.09,1,1,2,true,summer,,VEH-00000221,PHN-00000532,,,OFF-0001545,OFF-0001545,GANG-0002,,CRM-0000141,,
FIR-HBL-2021-00038-NOISE,EVT-00000001-20210406,KA/HBL/2021/00038/DUP,STN-KA-HBL-0005,KA-HBL,Hubballi-Dharwad,2021-04-06,2021-04-06,TRESPASS,property,447,2,Final Report,"As per the written complaint received, The complainant reported that the accused kaddidare duddu valued at Rs. 475 from street on on the date of incident. FIR registered.",ದೂರುದಾರರು ವರದಿ ಮಾಡಿದ ಪ್ರಕಾರ ಆರೋಪಿಯು complainant house ದಿಂದ ರೂ. 475 ಮೌಲ್ಯದ gold jewellery ಕದ್ದಿದ್ದಾನೆ.,15.288028,75.15658,Lakshmi Tantri,6176100474,Karnataka - 573729,475.04,1,2,0,true,summer,,,PHN-00003364,,,OFF-0001093,OFF-0001095,GANG-0004,,CRM-0000206,,
FIR-CKM-2021-00002-NOISE,EVT-00000000-20210409,KA/CKM/2021/00002/DUP,STN-KA-CKM-0006,KA-CKM,Chikkamagaluru,2021-04-09,2021-04-09,DRUNK_DRV,traffic,185MV|324|34,2,Under Investigation,Info rcvd: Gold mobile phone kaddidaren from hs while complnt was away. Total loss estimated at Rs. 538.,,13.248237,75.912598,Ajay Verma,8558439820,Karnataka - 573348,538.85,1,2,2,false,summer,,VEH-00000773,PHN-00004107,,,OFF-0002386,OFF-0002386,,,CRM-0000061,,
FIR-YDG-2021-00002-NOISE,EVT-00000002-20210411,KA/YDG/2021/00002/DUP,STN-KA-YDG-0008,KA-YDG,Yadgir,2021-04-11,2021-04-11,THEFT,property,379|324|34,2,Closed (Undetected),"It is submitted that Gold two-wheeler stolen from house while complainant was away. Total loss estimated at Rs. 39,210. Requesting further investigation.",ಅಜ್ಞಾತ ವ್ಯಕ್ತಿ(ಗಳು) complainant house ದಿಂದ laptop ಕದ್ದಿದ್ದಾರೆ. 22:00 hours ಗಂಟೆಗೆ ಕಳ್ಳತನ ಗೊತ್ತಾಯಿತು.,16.375668,76.818581,Deepa Shetty,6584797257,Karnataka - 560351,39210.63,1,2,2,false,summer,,VEH-00001265,PHN-00003142,,,,,,Eid_ul_Fitr,CRM-0000060,,
FIR-VJP-2021-00005-NOISE,EVT-00000000-20210420,KA/VJP/2021/00005,STN-KA-VJP-0013,KA-VJP,Vijayapura,2021-04-20,2021-04-20,ARSON,property,436,4,Transferred,"Info rcvd: The complnt reported that the accsd stole mobile phone valued at Rs. 1,886,426 from shop on on the date of incident.","ದೂರುದಾರರು ವರದಿ ಮಾಡಿದ ಪ್ರಕಾರ ಆರೋಪಿಯು shop ದಿಂದ ರೂ. 1,886,426 ಮೌಲ್ಯದ gold jewellery ಕದ್ದಿದ್ದಾನೆ.",17.075872,75.503158,Anil Adiga,9726143879,"Karnataka, Opposite Hospital",1886426.7,1,3,0,true,summer,,VEH-00000221,PHN-00000532,,,,,GANG-0002,,CRM-0000141,,
FIR-VJP-2021-00007-NOISE,EVT-00000000-20210423,KA/VJP/2021/00007/DUP,STN-KA-VJP-0004,KA-VJP,Vijayapura,2021-04-23,2021-04-24,ARSON,property,436,4,Under Investigation,Unknown person(s) committed theft of mobile phone from shop. Complainant noticed teh theft at 19:00 hours.,"ದೂರುದಾರರು ವರದಿ ಮಾಡಿದ ಪ್ರಕಾರ ಆರೋಪಿಯು street ದಿಂದ ರೂ. 811,541 ಮೌಲ್ಯದ mobile phone ಕದ್ದಿದ್ದಾನೆ.",16.748809,75.613834,Prashanth Desai,6500898804,Karnataka - 565483,811541.02,1,1,0,true,summer,,VEH-00000221,PHN-00000532,,,OFF-0002152,OFF-0002152,GANG-0002,,CRM-0000141,,
FIR-MGL-2021-00023-NOISE,EVT-00000000-20210424,KA/MGL/2021/00023/DUP,STN-KA-MGL-0000,KA-MGL,Dakshina Kannada,2021-04-24,2021-04-25,FRAUD,fraud,420,3,Under Investigation,"Info rcvd: Complainant cheated of Rs. 2,954,202 by accsd who posed as investment scheme.","ದೂರುದಾರರು ವರದಿ ಮಾಡಿದ ಪ್ರಕಾರ ಆರೋಪಿಯು shop ದಿಂದ ರೂ. 2,954,202 ಮೌಲ್ಯದ cash ಕದ್ದಿದ್ದಾನೆ.",12.495722,75.41545,Anita Swamy,6856046013,Karnataka - 588631,2954202.58,1,2,1,false,summer,,,PHN-00003802,,,OFF-0000822,,,,CRM-0000189,,
FIR-BLR2-2021-00010-NOISE,EVT-00000002-20210425,KA/BLR2/2021/00010/DUP,STN-KA-BLR2-0027,KA-BLR2,Ballari,2021-04-25,2021-04-26,THEFT,property,379|324|34,2,Withdrawn,"The complainant reported that the accused stole laptop valued at Rs. 11,525 from bus stadn on yesterday.",ಅಜ್ಞಾತ ವ್ಯಕ್ತಿ(ಗಳು) street ದಿಂದ laptop ಕದ್ದಿದ್ದಾರೆ. 23:00 hours ಗಂಟೆಗೆ ಕಳ್ಳತನ ಗೊತ್ತಾಯಿತು.,15.557974,76.592719,Deepak Pillai,9138633811,Karnataka - 561142,11525.28,1,3,0,false,summer,,,,,,OFF-0003570,,,,,,
FIR-BLR-2021-00060-NOISE,EVT-00000001-20210426,KA/BLR/2021/00060,STN-KA-BLR-0035,KA-BLR,Bengaluru Urban,2021-04-26,2021-04-26,THEFT,property,379|324|34,2,Transferred,Unknown person(s) committed theft of two-wheeler from market area. Complainant noticed the theft at 22:00 hours.,ಅಜ್ಞಾತ ವ್ಯಕ್ತಿ(ಗಳು) complainant house ದಿಂದ gold jewellery ಕದ್ದಿದ್ದಾರೆ. 20:00 hours ಗಂಟೆಗೆ ಕಳ್ಳತನ ಗೊತ್ತಾಯಿತು.,13.147751,77.417545,Gaurav Krishnamurthy,7418307375,Karnataka - 584208,19036.24,1,1,2,false,summer,,,,,,OFF-0000331,OFF-0000331,,,,,
FIR-BLR-2021-00065-NOISE,EVT-00000000-20210504,KA/BLR/2021/00065,STN-KA-BLR-0020,KA-BLR,Bengaluru Urban,2021-05-04,2021-05-04,RIOTING,violent,147,4,Under Investigation,"The complainant reported that the accused stole cash valued at Rs. 145,000 from street on the above date.",,12.916078,77.536177,Prashanth Shastri,8295676986,Karnataka - 570204,145000.77,1,2,1,true,summer,,,,,,OFF-0000203,OFF-0000194,GANG-0001,,CRM-0000064,,
FIR-KLP-2021-00032-NOISE,EVT-00000001-20210508,KA/KLP/2021/00032/DUP,STN-KA-KLP-0025,KA-KLP,Kalaburagi,2021-05-08,2021-05-08,THEFT,property,379,2,Closed (Undetected),Info rcvd: Unknown person(s) committed theft of two-wheeler from near railway gate. Complainant noticed the theft at 21:00 hours.,,17.343982,76.726981,Srikanth Patil,7181760977,Karnataka - 596412,16584.93,1,1,1,false,summer,,VEH-00001057,PHN-00002605,,,OFF-0001658,OFF-0001652,,,CRM-0000002,,
FIR-CKM-2021-00006-NOISE,EVT-00000001-20210512,KA/CKM/2021/00006,STN-KA-CKM-0008,KA-CKM,Chikkamagaluru,2021-05-12,2021-05-15,ARSON,property,436,4,Under Investigation,"Gold duddu stolen from house while complainant was away. Total loss estimated at Rs. 2,208,498.",ಅಜ್ಞಾತ ವ್ಯಕ್ತಿ(ಗಳು) market area ದಿಂದ duddu ಕದ್ದಿದ್ದಾರೆ. 21:00 hours ಗಂಟೆಗೆ ಕಳ್ಳತನ ಗೊತ್ತಾಯಿತು.,13.126003,75.932016,S. Murthy,6173089339,Karnataka - 589600,2208498.63,1,2,2,true,summer,,VEH-00000221,PHN-00000532,,,OFF-0002397,OFF-0002397,GANG-0002,,CRM-0000141,,
FIR-CKM-2021-00007-NOISE,EVT-00000001-20210513,KA/CKM/2021/00007,STN-KA-CKM-0006,KA-CKM,Chikkamagaluru,2021-05-13,2021-05-14,ARSON,property,436,4,Charge Sheet Filed,"As per the written complaint received, The complainant reported that the accused stole two-wheeler valued at Rs. 4,635,195 from shop on yesterday. Forwarded for necessary action.",ಅಜ್ಞಾತ ವ್ಯಕ್ತಿ(ಗಳು) shop ದಿಂದ bangaara ಕದ್ದಿದ್ದಾರೆ. 19:00 hours ಗಂಟೆಗೆ ಕಳ್ಳತನ ಗೊತ್ತಾಯಿತು.,13.278405,75.92639,Swathi Verma,6797043789,Karnataka,4635195.78,1,5,1,true,summer,,VEH-00000221,PHN-00000532,,,OFF-0002386,OFF-0002386,GANG-0002,,CRM-0000141,,
FIR-BLR-2021-00076-NOISE,EVT-00000000-20210521,KA/BLR/2021/00076,STN-KA-BLR-0013,KA-BLR,Bengaluru Urban,2021-05-21,2021-05-21,RIOTING,violent,147,4,Closed (Undetected),"Gold two-wheeler kaddidaren from house while complainant was away. Total loss estimated at Rs. 46,533.",,12.813488,77.61241,Kiran Desai,6331472700,Karnataka - 582016,46533.35,1,3,1,true,summer,,,PHN-00003639,,,OFF-0000134,OFF-0000142,GANG-0001,,CRM-0000064,,
FIR-MYS-2021-00014-NOISE,EVT-00000002-20210523,KA/MYS/2021/00014,STN-KA-MYS-0000,KA-MYS,Mysuru,2021-05-23,2021-05-24,THEFT,property,379,2,Under Investigation,"The complainant reportd that the accused stole two-wheeler valued at Rs. 13,564 from market area on ",,12.120165,76.667651,Kavitha Kumar,7882715835,Karnataka - 581315,13564.12,1,3,2,true,summer,,VEH-00000860,PHN-00004096,,,OFF-0000657,,GANG-0003,,CRM-0000033,,
FIR-BDR-2021-00004-NOISE,EVT-00000003-20210523,KA/BDR/2021/00004,STN-KA-BDR-0005,KA-BDR,Bidar,2021-05-23,2021-05-25,THEFT,property,379,2,Charge Sheet Filed,"Gold mobile phone stolen from house while complainant was away. Total loss estimated at Rs. 42,323.","ದೂರುದಾರರು ವರದಿ ಮಾಡಿದ ಪ್ರಕಾರ ಆರೋಪಿಯು near railway gate ದಿಂದ ರೂ. 42,323 ಮೌಲ್ಯದ cash ಕದ್ದಿದ್ದಾನೆ.",17.621288,77.068482,Arjun Nayak,7205900731,Karnataka - 563579,42323.82,1,2,2,true,summer,,VEH-00000221,PHN-00000532,,,,,GANG-0002,,CRM-0000141,,
FIR-MYS-2021-00016-NOISE,EVT-00000001-20210525,KA/MYS/2021/00016,STN-KA-MYS-0013,KA-MYS,Mysuru,2021-05-25,2021-05-26,THEFT,property,379,2,Under Investigation,"Info rcvd: Gold laptop kaddidare from hs while complnt was away. Total loss estimated at Rs. 31,852.","ದೂರುದಾರರು ವರದಿ ಮಾಡಿದ ಪ್ರಕಾರ ಆರೋಪಿಯು shop ದಿಂದ ರೂ. 31,852 ಮೌಲ್ಯದ gold jewellery ಕದ್ದಿದ್ದಾನೆ.",11.888376,76.215797,Kavitha Gowda,6175608474,Karnataka - 569803,31852.69,1,1,0,true,summer,,VEH-00000860,PHN-00002114,,,OFF-0000725,OFF-0000725,GANG-0003,,CRM-0000033,,
FIR-TKR-2021-00018-NOISE,EVT-00000000-20210529,KA/TKR/2021/00018,STN-KA-TKR-0014,KA-TKR,Tumakuru,2021-05-29,2021-05-30,TRESPASS,property,447|324|34,2,Under Investigation,"As per the written complaint received, The complainant reported that the accused stole laptop valued at Rs. 575 from complainant house on yesterday. Requesting further investigation.",ದೂರುದಾರರು ವರದಿ ಮಾಡಿದ ಪ್ರಕಾರ ಆರೋಪಿಯು complainant house ದಿಂದ ರೂ. 575 ಮೌಲ್ಯದ laptop ಕದ್ದಿದ್ದಾನೆ.,,,Lakshmi Rao,6813227734,Karnataka - 562837,575.15,1,2,0,true,summer,,,PHN-00003364,,,OFF-0001936,OFF-0001935,GANG-0004,,CRM-0000206,,
FIR-BDR-2021-00009-NOISE,EVT-00000002-20210530,KA/BDR/2021/00009,STN-KA-BDR-0002,KA-BDR,Bidar,2021-05-30,2021-05-30,THEFT,property,379,2,Final Report,Info rcvd: Unknown person(s) committed theft of cash from mane hatra. Complainant noticed the theft at 21:00 hours.,,18.255345,77.285176,Vidya Desai,,Karnataka - 575626,2381.08,1,3,1,true,summer,,VEH-00000221,,,,OFF-0002051,OFF-0002051,GANG-0002,,CRM-0000141,,
FIR-HBL-2021-00053-NOISE,EVT-00000001-20210604,KA/HBL/2021/00053,STN-KA-HBL-0018,KA-HBL,Hubballi-Dharwad,2021-06-04,2021-06-05,FRAUD,fraud,420|324|34,3,Charge Sheet Filed,"Cheating case. Accused promised investment scheme and collected Rs. 1,134,485 without fulfilling obligations.",,15.352617,75.16514,Rekha S.,6271169900,Karnataka - 578709,1134485.25,1,2,1,false,monsoon,,,,,,OFF-0001188,,,,,,
FIR-MYS-2021-00020-NOISE,EVT-00000000-20210612,KA/MYS/2021/00020,STN-KA-MYS-0027,KA-MYS,Mysuru,2021-06-12,2021-06-12,PICK,property,379,1,Closed (Undetected),"As per the written complaint received, The complainant reported that the accused stole two-wheeler valued at Rs. 5,350 from market area on yesterday. FIR registered.",ಅಜ್ಞಾತ ವ್ಯಕ್ತಿ(ಗಳು) shop ದಿಂದ duddu ಕದ್ದಿದ್ದಾರೆ. 20:00 hours ಗಂಟೆಗೆ ಕಳ್ಳತನ ಗೊತ್ತಾಯಿತು.,12.49406,76.606026,Prakash Nayak,6467162699,Karnataka - 578994,5350.32,1,1,0,false,monsoon,,,,,,OFF-0000805,OFF-0000805,,,CRM-0000072,,
FIR-SHV-2021-00004-NOISE,EVT-00000001-20210620,KA/SHV/2021/00004,STN-KA-SHV-0007,KA-SHV,Shivamogga,2021-06-20,2021-06-22,ARSON,property,436,4,Under Investigation,"The complainant reported that the accused stole two-wheeler valued at Rs. 3,649,188 from mane hatra on the above date.",ಅಜ್ಞಾತ ವ್ಯಕ್ತಿ(ಗಳು) near railway gate ದಿಂದ gold jewellery ಕದ್ದಿದ್ದಾರೆ. 20:00 hours ಗಂಟೆಗೆ ಕಳ್ಳತನ ಗೊತ್ತಾಯಿತು.,,,Swathi Tantri,9645446158,Karnataka - 570091,3649188.69,1,2,0,true,monsoon,,VEH-00000221,PHN-00000532,,,,,GANG-0002,,CRM-0000141,,
FIR-BLR-2021-00092-NOISE,EVT-00000000-20210621,KA/BLR/2021/00092,STN-KA-BLR-0032,KA-BLR,Bengaluru Urban,2021-06-21,2021-06-21,ROBBERY,property,392,4,Charge Sheet Filed,Armed robbery committed near market area. Accused fled on motorcycle after snatching bangaara.,ಅಜ್ಞಾತ ವ್ಯಕ್ತಿ(ಗಳು) bus stand ದಿಂದ mobile phone ಕದ್ದಿದ್ದಾರೆ. 21:00 hours ಗಂಟೆಗೆ ಕಳ್ಳತನ ಗೊತ್ತಾಯಿತು.,12.850384,77.611629,Vidya Naik,9421001320,Karnataka - 584849,182806.76,1,1,1,true,monsoon,,VEH-00000165,PHN-00000374,,,OFF-0000300,OFF-0000299,GANG-0000,,CRM-0000118,,
FIR-SHV-2021-00006-NOISE,EVT-00000000-20210622,KA/SHV/2021/00006,STN-KA-SHV-0017,KA-SHV,Shivamogga,2021-06-22,2021-06-22,ARSON,property,436,4,Under Investigation,Unknown person(s) committed theft of duddu from bus stand. Complainant noticed the theft at 20:00 hours.,ಅಜ್ಞಾತ ವ್ಯಕ್ತಿ(ಗಳು) shop ದಿಂದ gold jewellery ಕದ್ದಿದ್ದಾರೆ. 21:00 hours ಗಂಟೆಗೆ ಕಳ್ಳತನ ಗೊತ್ತಾಯಿತು.,14.160071,75.504167,Rekha Hegde,6533099346,Karnataka - 567791,,1,3,1,true,monsoon,,VEH-00000221,,,,,,GANG-0002,,CRM-0000141,,
FIR-SHV-2021-00007-NOISE,EVT-00000001-20210623,KA/SHV/2021/00007,STN-KA-SHV-0004,KA-SHV,Shivamogga,2021-06-23,2021-06-26,ARSON,property,436,4,Under Investigation,"As per the written complaint received, The complainant reported that the accused stole gold jewellery valued at Rs. 2,550,173 from bus stand on the above date. Requesting further investigation.",ಅಜ್ಞಾತ ವ್ಯಕ್ತಿ(ಗಳು) shop ದಿಂದ duddu ಕದ್ದಿದ್ದಾರೆ. 21:00 hours ಗಂಟೆಗೆ ಕಳ್ಳತನ ಗೊತ್ತಾಯಿತು.,13.781132,74.964408,Swathi,8261750765,Karnataka - 567588,2550173.07,1,5,2,true,monsoon,,VEH-00000221,PHN-00000532,,,OFF-0001803,,GANG-0002,,CRM-0000141,,
FIR-BLR-2021-00103-NOISE,EVT-00000001-20210627,KA/BLR/2021/00103,STN-KA-BLR-0050,KA-BLR,Bengaluru Urban,2021-06-27,2021-06-28,ROBBERY,property,392,4,Under Investigation,It is submitted that The complainant was accosted by 1 accused persons who threatened with bare hands and snatched two-wheeler. Requesting further investigation.,,12.849037,77.679302,Meera Bhat,7801469948,Karnataka - 595971,67838.66,1,4,0,true,monsoon,,VEH-00000165,PHN-00000374,,,OFF-0000478,,GANG-0000,,CRM-0000118,,
FIR-BLR-2021-00106-NOISE,EVT-00000001-20210629,KA/BLR/2021/00106,STN-KA-BLR-0043,KA-BLR,Bengaluru Urban,2021-06-29,2021-06-29,ROBBERY,property,392|324|34,4,Final Report,The complainant was accosted by 3 accused persons who threatened with firearm and snatched gold jewellery.,"ದೂರುದಾರರು ವರದಿ ಮಾಡಿದ ಪ್ರಕಾರ ಆರೋಪಿಯು complainant house ದಿಂದ ರೂ. 68,210 ಮೌಲ್ಯದ cash ಕದ್ದಿದ್ದಾನೆ.",13.016252,77.454017,Rohit A.,9211840630,Karnataka - 592691,68210.23,1,1,1,true,monsoon,,VEH-00000165,PHN-00004123,,,OFF-0000409,OFF-0000409,GANG-0000,,CRM-0000118,,
FIR-BLR-2021-00108-NOISE,EVT-00000000-20210701,KA/BLR/2021/00108,STN-KA-BLR-0046,KA-BLR,Bengaluru Urban,2021-07-01,2021-07-01,ROBBERY,property,392,4,Final Report,The complainant was accosted by 2 accused persons who threatened with bare hands and snatched mobile phone.,"ದೂರುದಾರರು ವರದಿ ಮಾಡಿದ ಪ್ರಕಾರ ಆರೋಪಿಯು near railway gate ದಿಂದ ರೂ. 191,602 ಮೌಲ್ಯದ laptop ಕದ್ದಿದ್ದಾನೆ.",13.047044,77.398468,Jyothi Thakur,8553459727,Karnataka - 586212,191602.9,1,5,1,true,monsoon,,VEH-00000165,PHN-00004123,,,OFF-0000434,OFF-0000434,GANG-0000,,CRM-0000118,,
FIR-BLR-2021-00109-NOISE,EVT-00000000-20210702,KA/BLR/2021/00109/DUP,STN-KA-BLR-0039,KA-BLR,Bengaluru Urban,2021-07-02,2021-07-02,ROBBERY,property,392,4,Closed (Undetected),Info rcvd: Armed robbery committed near street. Accused fled on MC after snatching two-wheeler.,ಅಜ್ಞಾತ ವ್ಯಕ್ತಿ(ಗಳು) mane hatra ದಿಂದ mobile phone ಕದ್ದಿದ್ದಾರೆ. 22:00 hours ಗಂಟೆಗೆ ಕಳ್ಳತನ ಗೊತ್ತಾಯಿತು.,12.955312,77.530323,Lakshmi Vokkaliga,6850486993,Karnataka - 576020,190325.84,1,5,1,true,monsoon,,VEH-00000165,PHN-00004123,,,OFF-0000381,OFF-0000371,GANG-0000,,CRM-0000118,,
FIR-VKT-2021-00024-NOISE,EVT-00000001-20210703,KA/VKT/2021/00024,STN-KA-VKT-0009,KA-VKT,Vijayanagara,2021-07-03,2021-07-06,ATM_FRAUD,cyber,379,3,Under Investigation,"As per the written complaint received, The complainant reported that the accused stole two-wheeler valued at Rs. 141,710 from mane hatra on said date. Forwarded for necessary action.","ದೂರುದಾರರು ವರದಿ ಮಾಡಿದ ಪ್ರಕಾರ ಆರೋಪಿಯು near railway gate ದಿಂದ ರೂ. 141,710 ಮೌಲ್ಯದ mobile phone ಕದ್ದಿದ್ದಾನೆ.",,,Srikanth Reddy,6114055809,Karnataka - 571968,141710.04,1,2,1,false,monsoon,,,PHN-00004097,,,OFF-0003249,OFF-0003249,,,CRM-0000036,,
FIR-BLR-2021-00111-NOISE,EVT-00000000-20210704,KA/BLR/2021/00111,STN-KA-BLR-0003,KA-BLR,Bengaluru Urban,2021-07-04,2021-07-04,ROBBERY,property,392|324|34,4,Under Investigation,Info rcvd: The complnt was accosted by 3 accsd persons who threatened with rope and snatched duddu.,,12.951351,77.759522,Srikanth Krishnamurthy,7607962948,Karnataka - 590091,42970.89,1,1,2,true,monsoon,,VEH-00000165,PHN-00000374,,,OFF-0000033,OFF-0000028,GANG-0000,,CRM-0000118,,
FIR-BLR-2021-00119-NOISE,EVT-00000000-20210711,KA/BLR/2021/00119,STN-KA-BLR-0023,KA-BLR,Bengaluru Urban,2021-07-11,2021-07-11,ROBBERY,property,392,4,Under Investigation,It is submitted that Armed robbery committed near mane hatra. Accused fled on motorcycle after snatc,,12.93731,77.613323,Prashanth Nambiar,6176873682,Karnataka - 588458,142131.94,1,5,2,true,monsoon,,VEH-00000165,PHN-00004123,,,OFF-0000232,,GANG-0000,,CRM-0000118,,
FIR-HVR-2021-00029-NOISE,EVT-00000000-20210801,KA/HVR/2021/00029,STN-KA-HVR-0005,KA-HVR,Haveri,2021-08-01,2021-08-01,DACOITY,property,395,5,Under Investigation,"Info rcvd: The complnt reported that teh accsd stole laptop valued at Rs. 1,009,505 from bus stand on teh above date.","ದೂರುದಾರರು ವರದಿ ಮಾಡಿದ ಪ್ರಕಾರ ಆರೋಪಿಯು street ದಿಂದ ರೂ. 1,009,505 ಮೌಲ್ಯದ two-wheeler ಕದ್ದಿದ್ದಾನೆ.",14.680764,75.101545,P. Kamath,7180897979,Karnataka - 593938,1009505.26,1,1,2,true,monsoon,,,PHN-00003639,,,OFF-0003109,OFF-0003109,GANG-0001,,CRM-0000064,,
FIR-BLG-2021-00020-NOISE,EVT-00000001-20210803,KA/BLG/2021/00020/DUP,STN-KA-BLG-0021,KA-BLG,Belagavi,2021-08-03,2021-08-03,TRESPASS,property,447,2,Transferred,The complainant reported that the accused stole bangaara valued at Rs. 993 from complainant house on yesterday.,,15.457348,74.756493,Deepak Pillai,8738966936,Karnataka - 584403,993.4,1,2,0,true,monsoon,,,PHN-00003364,,,OFF-0001395,OFF-0001395,GANG-0004,,CRM-0000206,,
FIR-BLG-2021-00021-NOISE,EVT-00000000-20210804,KA/BLG/2021/00021,STN-KA-BLG-0007,KA-BLG,Belagavi,2021-08-04,2021-08-04,TRESPASS,property,447,2,Under Investigation,The complainant reported that the accused stole two-wheeler valued at Rs. 490 from mane hatra on on the date of incident.,,,,Lakshmi Tantri,7414461129,Karnataka - 560761,490.43,1,2,1,true,monsoon,,,PHN-00003364,,,OFF-0001308,OFF-0001308,GANG-0004,,CRM-0000206,,
FIR-RBG-2021-00047-NOISE,EVT-00000001-20210807,KA/RBG/2021/00047,STN-KA-RBG-0002,KA-RBG,Dharwad,2021-08-07,2021-08-09,ASSAULT,violent,324,3,Withdrawn,Info rcvd: Physical assault reported. Accused attacked complnt over property dispute at market area.,ಆರೋಪಿಯು bare hands ಬಳಸಿ ದೂರುದಾರರ ಮೇಲೆ complainant house ಬಳಿ ಹಲ್ಲೆ ಮಾಡಿದ್ದಾನೆ.,15.218557,75.103892,A. Kamath,6203986854,Karnataka - 585499,33194.44,1,3,0,true,monsoon,,VEH-00000165,PHN-00000374,,,OFF-0003610,,GANG-0000,,CRM-0000118,,
FIR-RBG-2021-00049-NOISE,EVT-00000001-20210809,KA/RBG/2021/00049,STN-KA-RBG-0025,KA-RBG,Dharwad,2021-08-09,2021-08-09,ASSAULT,violent,324|34,3,Under Investigation,Info rcvd: Physical assault reported. Accused attacked complnt over old enmity at mane hatra.,ಆರೋಪಿಯು firearm ಬಳಸಿ ದೂರುದಾರರ ಮೇಲೆ market area ಬಳಿ ಹಲ್ಲೆ ಮಾಡಿದ್ದಾನೆ.,15.217444,75.084242,Sandeip Patil,6088394318,Karnataka - 572417,5162.73,1,1,0,true,monsoon,,VEH-00000165,PHN-00004123,,,OFF-0003782,OFF-0003782,GANG-0000,,CRM-0000118,,
FIR-KLP-2021-00036-NOISE,EVT-00000002-20210810,KA/KLP/2021/00036,STN-KA-KLP-0007,KA-KLP,Kalaburagi,2021-08-10,2021-08-10,ARSON,property,436,4,Closed (Undetected),"The complainant reported that the accused kaddidare duddu valued at Rs. 4,800,553 from street on said date.",,17.423968,77.082552,Pooja Shetty,8119495513,Karnataka - 564895,4800553.92,1,2,2,true,monsoon,,VEH-00000221,PHN-00000532,,,OFF-0001498,OFF-0001497,GANG-0002,,CRM-0000141,,
FIR-RBG-2021-00051-NOISE,EVT-00000001-20210811,KA/RBG/2021/00051,STN-KA-RBG-0009,KA-RBG,Dharwad,2021-08-11,2021-08-11,ASSAULT,violent,324,3,Final Report,Physical assault reported. Accused attacked complainant over galati at market area.,ಆರೋಪಿಯು bare hands ಬಳಸಿ ದೂರುದಾರರ ಮೇಲೆ bus stand ಬಳಿ ಹಲ್ಲೆ ಮಾಡಿದ್ದಾನೆ.,,,Ravi Thakur,9707900672,Karnataka - 594720,42747.82,1,2,2,true,monsoon,,VEH-00000165,PHN-00004123,,,OFF-0003664,,GANG-0000,,CRM-0000118,,
FIR-KLP-2021-00038-NOISE,EVT-00000002-20210812,KA/KLP/2021/00038/DUP,STN-KA-KLP-0023,KA-KLP,Kalaburagi,2021-08-12,2021-08-13,ARSON,property,436,4,Charge Sheet Filed,"Gold two-wheeler stolen from house while complainant was away. Total loss estimated at Rs. 757,015.",,17.160517,77.377057,Rekha Udupi,7234704481,Karnataka - 562720,757015.04,1,3,0,true,monsoon,,VEH-00000221,PHN-00000532,,,OFF-0001633,,GANG-0002,,CRM-0000141,,
FIR-BLR-2021-00123-NOISE,EVT-00000001-20210813,KA/BLR/2021/00123,STN-KA-BLR-0049,KA-BLR,Bengaluru Urban,2021-08-13,2021-08-14,THEFT,property,379,2,Under Investigation,"Info rcvd: The complnt reported that teh accsd kaddidare bangaara valued at Rs. 19,549 from bus stand on yesterday.",ಅಜ್ಞಾತ ವ್ಯಕ್ತಿ(ಗಳು) complainant house ದಿಂದ duddu ಕದ್ದಿದ್ದಾರೆ. 22:00 hours ಗಂಟೆಗೆ ಕಳ್ಳತನ ಗೊತ್ತಾಯಿತು.,12.891969,77.697351,Ramesh Thakur,7400161062,Karnataka - 585469,19549.69,1,1,2,false,monsoon,,VEH-00000095,PHN-00000220,,,OFF-0000467,OFF-0000472,,,CRM-0000200,,
FIR-RBG-2021-00054-NOISE,EVT-00000000-20210814,KA/RBG/2021/00054,STN-KA-RBG-0023,KA-RBG,Dharwad,2021-08-14,2021-08-15,ASSAULT,violent,324,3,Under Investigation,"As per the written complaint received, The accused assaulted the complainant with bare hands causing injuries near market area. Requesting further investigation.",ಆರೋಪಿಯು bare hands ಬಳಸಿ ದೂರುದಾರರ ಮೇಲೆ market area ಬಳಿ ಹಲ್ಲೆ ಮಾಡಿದ್ದಾನೆ.,15.546825,75.17318,Nirmala Adiga,8724254544,Karnataka - 581719,24972.07,1,1,0,true,monsoon,,VEH-00000165,PHN-00004123,,,OFF-0003773,OFF-0003763,GANG-0000,,CRM-0000118,,
FIR-HBL-2021-00054-NOISE,EVT-00000001-20210818,KA/HBL/2021/00054,STN-KA-HBL-0022,KA-HBL,Hubballi-Dharwad,2021-08-18,2021-08-18,ROBBERY,property,392|324|34,4,Withdrawn,Info rcvd: The complnt was accosted by 4 accsd persons who threatened with knife and snatched gold jewellery.,,,,Vidya Krishnamurthy,6854206578,Karnataka - 562167,156080.14,1,3,2,false,monsoon,,VEH-00000316,PHN-00000761,,,,,,,CRM-0000176,,
FIR-KLP-2021-00046-NOISE,EVT-00000000-20210824,KA/KLP/2021/00046,STN-KA-KLP-0003,KA-KLP,Kalaburagi,2021-08-24,2021-08-24,THEFT,property,379,2,Under Investigation,"Gold two-wheeler stolen from house while complainant was away. Total loss estimated at Rs. 16,786.",ಅಜ್ಞಾತ ವ್ಯಕ್ತಿ(ಗಳು) market area ದಿಂದ mobile phone ಕದ್ದಿದ್ದಾರೆ. 23:00 hours ಗಂಟೆಗೆ ಕಳ್ಳತನ ಗೊತ್ತಾಯಿತು.,17.657865,76.608137,Nirmala Gowda,9701086152,Karnataka - 590091,16786.17,1,1,2,false,monsoon,,,PHN-00001922,,,OFF-0001467,OFF-0001466,,,CRM-0000077,,
FIR-RBG-2021-00061-NOISE,EVT-00000000-20210828,KA/RBG/2021/00061,STN-KA-RBG-0013,KA-RBG,Dharwad,2021-08-28,2021-08-29,THEFT,property,379|324|34,2,Under Investigation,Unknown person(s) committed theft of two-wheeler from complainant house. Complainant noticed the theft at 23:00 hours.,ಅಜ್ಞಾತ ವ್ಯಕ್ತಿ(ಗಳು) street ದಿಂದ bangaara ಕದ್ದಿದ್ದಾರೆ. 19:00 hours ಗಂಟೆಗೆ ಕಳ್ಳತನ ಗೊತ್ತಾಯಿತು.,15.256027,74.756936,Shantha Joshi,9798887803,Karnataka - 567253,18446.84,1,3,0,true,monsoon,,VEH-00000860,PHN-00002114,,,,,GANG-0003,,CRM-0000033,,
FIR-HBL-2021-00056-NOISE,EVT-00000000-20210902,KA/HBL/2021/00056,STN-KA-HBL-0017,KA-HBL,Hubballi-Dharwad,2021-09-02,2021-09-02,DRUNK_DRV,traffic,185MV,2,Charge Sheet Filed,"Info rcvd: The complnt reported that the accsd stole gold jewellery valued at Rs. 1,627 from bus stadn on yesterday.","ದೂರುದಾರರು ವರದಿ ಮಾಡಿದ ಪ್ರಕಾರ ಆರೋಪಿಯು near railway gate ದಿಂದ ರೂ. 1,627 ಮೌಲ್ಯದ two-wheeler ಕದ್ದಿದ್ದಾನೆ.",,,Satish Krishnamurthy,9792638990,Karnataka - 581694,1627.75,1,3,1,false,monsoon,,,,,,OFF-0001180,,,,,,
FIR-KLP-2021-00049-NOISE,EVT-00000002-20210905,KA/KLP/2021/00049,STN-KA-KLP-0022,KA-KLP,Kalaburagi,2021-09-05,2021-09-05,THEFT,property,379,2,Final Report,"As per teh written complaint received, Gold bangaara stolen from house while complainant was away. Total loss estimated at Rs. 31,266. Forwarded for necessary action.",ಅಜ್ಞಾತ ವ್ಯಕ್ತಿ(ಗಳು) street ದಿಂದ laptop ಕದ್ದಿದ್ದಾರೆ. 22:00 hours ಗಂಟೆಗೆ ಕಳ್ಳತನ ಗೊತ್ತಾಯಿತು.,17.55854,77.1671,Manjunath Shetty,6484886300,Karnataka - 583535,31266.5,1,1,2,false,monsoon,,,PHN-00000660,,,,,,,CRM-0000124,,
FIR-BLG-2021-00025-NOISE,EVT-00000000-20210906,KA/BLG/2021/00025,STN-KA-BLG-0021,KA-BLG,Belagavi,2021-09-06,2021-09-07,CHAIN,property,392|324|34,3,Charge Sheet Filed,"The complainant was traveling when 1 persons on motorcycle snatched gold chain worth Rs. 76,942.","ದೂರುದಾರರು ಸಂಚಾರ ಮಾಡುತ್ತಿದ್ದಾಗ 1 ವ್ಯಕ್ತಿಗಳು ಮೋಟಾರ್ ಸೈಕಲ್ ಮೇಲೆ ಬಂದು ರೂ. 76,942 ಮೌಲ್ಯದ ಚಿನ್ನದ ಸರ ಎಳೆದುಕೊಂಡು ಓಡಿದ್ದಾರೆ.",15.55449,74.751436,S. Pillai,7782533221,Karnataka - 584281,76942.57,1,1,2,false,monsoon,,,,,,OFF-0001395,OFF-0001395,,,,,
FIR-BLR-2021-00130-NOISE,EVT-00000002-20210909,KA/BLR/2021/00130/DUP,STN-KA-BLR-0044,KA-BLR,Bengaluru Urban,2021-09-09,2021-09-10,BURGLARY,property,457,3,Final Report,Info rcvd: Unknown persons broke forced entry and committed theft of laptop. Case registered u/s 457 IPC.,,12.879731,77.611215,Lakshmi Pillai,7029635485,Karnataka - 568797,44610.5,1,2,2,false,monsoon,,,PHN-00000321,,,OFF-0000423,OFF-0000424,,Ganesha,CRM-0000100,,
FIR-TKR-2021-00032-NOISE,EVT-00000001-20210911,KA/TKR/2021/00032,STN-KA-TKR-0012,KA-TKR,Tumakuru,2021-09-11,2021-09-11,NARCOTICS,narcotics,NDPS_20|324|34,4,Under Investigation,Accused apprehended with 22g of drugs near market area. Contraband seized.,,13.315082,76.503755,Srikanth Kumar,6843761724,Karnataka - 579623,47602291.33,1,3,2,false,monsoon,,,,,,,,,Ganesha,,,
FIR-BLR-2021-00131-NOISE,EVT-00000002-20210913,KA/BLR/2021/00131/DUP,STN-KA-BLR-0037,KA-BLR,Bengaluru Urban,2021-09-13,2021-09-16,BURGLARY,property,457,3,Under Investigation,Housebreaking reported. Offenders entered through roof entry and decamped with two-wheeler.,ಮನೆಯ ಬಾಗಿಲು roof entry ಮೂಲಕ ತೆರೆದು two-wheeler ಕದ್ದಿದ್ದಾರೆ. ಪ್ರಕರಣ ನೋಂದಾಯಿಸಲಾಗಿದೆ.,13.172718,77.680647,Prakash Nayak,9143126290,Karnataka - 575135,304886.59,1,1,2,false,monsoon,,VEH-00001520,PHN-00003835,,,OFF-0000356,,,Ganesha,CRM-0000053,,
FIR-DVG-2021-00009-NOISE,EVT-00000000-20210915,KA/DVG/2021/00009/DUP,STN-KA-DVG-0011,KA-DVG,Davanagere,2021-09-15,2021-09-15,ARSON,property,436,4,Closed (Undetected),It is submitted that Unknown person(s) committed theft of duddu form street. Complainant noticed the theft at 23:00 hours. Requesting further investigation.,,14.342762,75.843797,Geetha Krishnamurthy,9427494710,Karnataka - 585399,2005559.62,1,4,0,true,monsoon,,VEH-00000221,PHN-00000532,,,,,GANG-0002,Ganesha,CRM-0000141,,
FIR-BLR2-2021-00020-NOISE,EVT-00000002-20210915,KA/BLR2/2021/00020,STN-KA-BLR2-0026,KA-BLR2,Ballari,2021-09-15,2021-09-15,CHAIN,property,392,3,Charge Sheet Filed,"As per teh written complaint received, The complainant was traveling when 1 persons on motorcycle snatched gold chain worth Rs. 174,304. FIR registered.",,15.086847,76.547924,Sangeetha Gowda,6613780725,"Karnataka - 573843, Opposite Hospital",174304.66,1,2,1,false,monsoon,,VEH-00001403,PHN-00004100,,,,,,Ganesha,CRM-0000041,,
FIR-RBG-2021-00073-NOISE,EVT-00000000-20210917,KA/RBG/2021/00073,STN-KA-RBG-0000,KA-RBG,Dharwad,2021-09-17,2021-09-17,THEFT,property,379,2,Under Investigation,"As per the written complaint received, Gold cash kaddidaren from house while complainant was away. T",,15.290235,74.889268,Vidya Hegde,8132693605,Karnataka - 585874,15873.09,1,1,1,true,monsoon,,VEH-00000860,PHN-00004096,,,OFF-0003596,OFF-0003596,GANG-0003,,CRM-0000033,,
FIR-DVG-2021-00012-NOISE,EVT-00000001-20210918,KA/DVG/2021/00012/DUP,STN-KA-DVG-0009,KA-DVG,Davanagere,2021-09-18,2021-09-19,ARSON,property,436,4,Closed (Undetected),"The complainant reported that the accused stole two-wheeler valued at Rs. 3,224,211 from shop on on the date of incident.",ಅಜ್ಞಾತ ವ್ಯಕ್ತಿ(ಗಳು) bus stand ದಿಂದ duddu ಕದ್ದಿದ್ದಾರೆ. 21:00 hours ಗಂಟೆಗೆ ಕಳ್ಳತನ ಗೊತ್ತಾಯಿತು.,14.420007,76.101237,Akash Pillai,8476247640,Karnataka - 588317,3224211.46,1,2,1,true,monsoon,,VEH-00000221,PHN-00000532,,,,,GANG-0002,,CRM-0000141,,
FIR-RBG-2021-00075-NOISE,EVT-00000001-20210922,KA/RBG/2021/00075,STN-KA-RBG-0006,KA-RBG,Dharwad,2021-09-22,2021-09-25,FRAUD,fraud,420,3,Charge Sheet Filed,"Accused obtained Rs. 2,989,737 from complainant on false pretext of lottery.",,15.407771,75.137525,a/k/a Nagaraj,9163368905,Karnataka - 586490,2989737.8,4,2,0,true,monsoon,CRM-0000118|CRM-0000169|CRM-0000155,,PHN-00002786,,,OFF-0003641,OFF-0003639,GANG-0000,,CRM-0000055,,
FIR-HBL-2021-00058-NOISE,EVT-00000002-20210927,KA/HBL/2021/00058,STN-KA-HBL-0021,KA-HBL,Hubballi-Dharwad,2021-09-27,2021-09-28,CHAIN,property,392|324|34,3,Charge Sheet Filed,Accused snatched gold chain weighing 20 grams from complainant near near railway gate.,"ದೂರುದಾರರು ಸಂಚಾರ ಮಾಡುತ್ತಿದ್ದಾಗ 2 ವ್ಯಕ್ತಿಗಳು ಮೋಟಾರ್ ಸೈಕಲ್ ಮೇಲೆ ಬಂದು ರೂ. 267,493 ಮೌಲ್ಯದ ಚಿನ್ನದ ಸರ ಎಳೆದುಕೊಂಡು ಓಡಿದ್ದಾರೆ.",14.952576,75.237508,Mohan Nayak,9646180353,Karnataka - 588222,267493.21,1,3,0,false,monsoon,,VEH-00001172,PHN-00004124,,,OFF-0001206,,,,CRM-0000123,,
FIR-SHV-2021-00014-NOISE,EVT-00000002-20210929,KA/SHV/2021/00014,STN-KA-SHV-0001,KA-SHV,Shivamogga,2021-09-29,2021-09-30,PICK,property,379,1,Charge Sheet Filed,"Info rcvd: The complnt reported that the accsd stole duddu valued at Rs. 5,500 from street on said d",,14.176158,75.025235,Bharathi Nambiar,9118859180,Karnataka - 580156,5500.57,1,2,1,false,monsoon,,VEH-00001265,PHN-00003142,,,OFF-0001790,OFF-0001790,,,CRM-0000060,,
FIR-BSD-2021-00016-NOISE,EVT-00000001-20211004,KA/BSD/2021/00016,STN-KA-BSD-0006,KA-BSD,Bagalkote,2021-10-04,2021-10-09,THEFT,property,379,2,Closed (Undetected),It is submitted that Unknown person(s) committed theft of cash from street. Complainant noticed the theft at 20:00 hours. Forwarded for necessary action.,ಅಜ್ಞಾತ ವ್ಯಕ್ತಿ(ಗಳು) market area ದಿಂದ cash ಕದ್ದಿದ್ದಾರೆ. 22:00 hours ಗಂಟೆಗೆ ಕಳ್ಳತನ ಗೊತ್ತಾಯಿತು.,16.664303,75.816268,Pooja Shastri,7041512039,Karnataka - 591633,35963.38,1,3,0,false,post_monsoon,,,PHN-00001573,,,,,,Dasara,CRM-0000149,,
FIR-BLR2-2021-00026-NOISE,EVT-00000000-20211011,KA/BLR2/2021/00026,STN-KA-BLR2-0029,KA-BLR2,Ballari,2021-10-11,2021-10-12,CYBER,cyber,66C_IT,3,Charge Sheet Filed,"UPI fraud reportd. Complainant transferred Rs. 2,342,333 to fraudulent account.",,15.012521,76.90335,Madhu Murthy,7601530023,Karnataka - 592364,2342333.88,1,1,2,false,post_monsoon,,,,,,,,,Dasara,CRM-0000153,,
FIR-BLR-2021-00147-NOISE,EVT-00000000-20211013,KA/BLR/2021/00147,STN-KA-BLR-0057,KA-BLR,Bengaluru Urban,2021-10-13,2021-10-14,CHAIN,property,392,3,Charge Sheet Filed,"As per the written complaint received, Accused snatched gold chain weighing 6 grams from complainant","ದೂರುದಾರರು ಸಂಚಾರ ಮಾಡುತ್ತಿದ್ದಾಗ 3 ವ್ಯಕ್ತಿಗಳು ಮೋಟಾರ್ ಸೈಕಲ್ ಮೇಲೆ ಬಂದು ರೂ. 79,310 ಮೌಲ್ಯದ ಚಿನ್ನದ ಸರ ಎಳೆದುಕೊಂಡು ಓಡಿದ್ದಾರೆ.",13.15776,77.494127,Jyothi Shastri,7176351852,Karnataka - 564078,79310.74,1,1,1,true,post_monsoon,,VEH-00000165,PHN-00004123,,,,,GANG-0000,,CRM-0000118,,
FIR-MGL-2021-00049-NOISE,EVT-00000002-20211016,KA/MGL/2021/00049/DUP,STN-KA-MGL-0003,KA-MGL,Dakshina Kannada,2021-10-16,2021-10-16,DACOITY,property,395|324|34,5,Withdrawn,The complainant has approached the PS stating that Unknown person(s) committed theft of mobile phone from complainant house. Complainant noticed the theft at 21:00 hours. FIR registered.,,12.614218,74.866221,Seeta Tantri,6995358133,Karnataka - 581452,725831.07,1,2,2,false,post_monsoon,,,PHN-00002504,,,OFF-0000851,OFF-0000851,,,CRM-0000173,,
FIR-MGL-2021-00050-NOISE,EVT-00000000-20211019,KA/MGL/2021/00050/DUP,STN-KA-MGL-0002,KA-MGL,Dakshina Kannada,2021-10-19,2021-10-19,VEH_THEFT,property,379,2,Charge Sheet Filed,"As per teh written complaint received, Complainant's bike bearing registration KA 14 AB 1763 was stolen from bus stand. Requesting further investigation.",ದೂರುದಾರರ bike (KA 49 BB 6792) ವಾಹನವು street ನಿಂದ ಕಾಣೆಯಾಗಿದೆ.,12.739589,74.987169,Ajay Verma,7329665623,Karnataka - 576509,1325101.43,1,3,0,false,post_monsoon,,,PHN-00001294,,,OFF-0000836,OFF-0000836,,,CRM-0000102,,
FIR-HSN-2021-00006-NOISE,EVT-00000001-20211019,KA/HSN/2021/00006,STN-KA-HSN-0000,KA-HSN,Hassan,2021-10-19,2021-10-20,ROBBERY,property,392,4,Charge Sheet Filed,Info rcvd: The complnt was accosted by 1 accsd persons who threatened with none and snatched duddu.,"ದೂರುದಾರರು ವರದಿ ಮಾಡಿದ ಪ್ರಕಾರ ಆರೋಪಿಯು market area ದಿಂದ ರೂ. 50,325 ಮೌಲ್ಯದ mobile phone ಕದ್ದಿದ್ದಾನೆ.",12.846794,76.240142,Mohan Bhat,9578406362,Karnataka - 568769,50325.76,1,3,1,false,post_monsoon,,VEH-00000017,,,,OFF-0002274,,,,CRM-0000175,,
FIR-MDY-2021-00010-NOISE,EVT-00000000-20211024,KA/MDY/2021/00010,STN-KA-MDY-0008,KA-MDY,Mandya,2021-10-24,2021-10-27,BURGLARY,property,457,3,Under Investigation,Unknown persons broke roof entry adn committed theft of two-wheeler. Case registered u/s 457 IPC.,"ಆರೋಪಿಯು roof entry ಮೂಲಕ ದೂರುದಾರರ ಮನೆಗೆ ನುಗ್ಗಿ ರೂ. 451,818 ಮೌಲ್ಯದ duddu ಕದ್ದಿದ್ದಾನೆ.",,,Sangeetha Pillai,6366584046,Karnataka - 580050,451818.55,1,2,0,true,post_monsoon,,VEH-00000221,PHN-00000532,,,OFF-0002701,OFF-0002699,GANG-0002,,CRM-0000141,,
FIR-MGL-2021-00051-NOISE,EVT-00000001-20211025,KA/MGL/2021/00051,STN-KA-MGL-0021,KA-MGL,Dakshina Kannada,2021-10-25,2021-10-25,ARSON,property,436,4,Final Report,"Gold two-wheeler kaddidaren from house while complainant was away. Total loss estimated at Rs. 4,370,492.",,12.848347,75.449278,Vidya Ayyar,6008271012,Karnataka - 591408,4370492.94,1,4,1,false,post_monsoon,,,,,,OFF-0001002,OFF-0000995,,,,,
FIR-UDR-2021-00029-NOISE,EVT-00000002-20211030,KA/UDR/2021/00029,STN-KA-UDR-0002,KA-UDR,Udupi,2021-10-30,2021-10-30,FRAUD,fraud,420,3,Charge Sheet Filed,"It is submitted that Accused obtained Rs. 4,282,265 from complainant on false pretext of government scheme. FIR registered.",,13.332593,74.720429,Deepa Verma,7044318366,Karnataka - 591477,4282265.29,2,2,1,true,post_monsoon,CRM-0000033,,PHN-00004121,,,OFF-0002462,,GANG-0003,,CRM-0000105,,
FIR-RBG-2021-00085-NOISE,EVT-00000003-20211102,KA/RBG/2021/00085,STN-KA-RBG-0000,KA-RBG,Dharwad,2021-11-02,2021-11-02,ATTEMPT_M,violent,307,5,Under Investigation,The complainant reported that the accused stole two-wheeler valued at Rs. 0 form shop on yesterday.,,15.305722,74.900222,Harsh Patil,6979865632,Karnataka - 576516,0.0,1,5,2,false,post_monsoon,,,,,,OFF-0003596,OFF-0003596,,Diwali,,,
FIR-MDY-2021-00012-NOISE,EVT-00000002-20211103,KA/MDY/2021/00012,STN-KA-MDY-0003,KA-MDY,Mandya,2021-11-03,2021-11-04,VEH_THEFT,property,379,2,Under Investigation,Info rcvd: Vehicle theft reported. car (KA 11 CC 9091) parked at shop found missing.,ದೂರುದಾರರ auto rickshaw (KA 13 BB 6217) ವಾಹನವು shop ನಿಂದ ಕಾಣೆಯಾಗಿದೆ.,12.687831,76.611683,Sujatha Raju,6584414022,Karnataka - 563946,517972.03,1,3,0,false,post_monsoon,,VEH-00001403,PHN-00003527,,,,,,Diwali,CRM-0000041,,
FIR-UDR-2021-00031-NOISE,EVT-00000003-20211103,KA/UDR/2021/00031,STN-KA-UDR-0001,KA-UDR,Udupi,2021-11-03,2021-11-04,NARCOTICS,narcotics,NDPS_20|324|34,4,Under Investigation,"Drug trafficking case. Accused intercepted at market area with heroin worth Rs. 33,046,195.",ಅಜ್ಞಾತ ವ್ಯಕ್ತಿ(ಗಳು) complainant house ದಿಂದ duddu ಕದ್ದಿದ್ದಾರೆ. 19:00 hours ಗಂಟೆಗೆ ಕಳ್ಳತನ ಗೊತ್ತಾಯಿತು.,,,Jyothi Udupi,6066962741,Karnataka - 580876,33046195.73,1,5,2,false,post_monsoon,,,PHN-00002473,,,,,,Diwali,CRM-0000229,,
FIR-MYS-2021-00025-NOISE,EVT-00000000-20211107,KA/MYS/2021/00025,STN-KA-MYS-0002,KA-MYS,Mysuru,2021-11-07,2021-11-07,FRAUD,fraud,420,3,Under Investigation,"Accused obtained Rs. 9,295,083 form complainant on false pretext of government scheme.","ದೂರುದಾರರು ವರದಿ ಮಾಡಿದ ಪ್ರಕಾರ ಆರೋಪಿಯು street ದಿಂದ ರೂ. 9,295,083 ಮೌಲ್ಯದ gold jewellery ಕದ್ದಿದ್ದಾನೆ.",11.913161,76.715184,Geetha Adiga,6263973830,Karnataka - 580197,9295083.41,1,3,0,false,post_monsoon,,,,,,OFF-0000669,OFF-0000667,,,,,
FIR-CHB-2021-00026-NOISE,EVT-00000001-20211109,KA/CHB/2021/00026,STN-KA-CHB-0002,KA-CHB,Chikkaballapura,2021-11-09,2021-11-09,FRAUD,fraud,420|324|34,3,Final Report,"The complainant has approached the PS stating that Complainant cheated of Rs. 9,991,736 by accused who posed as job offer. Forwarded for necessary action.","ದೂರುದಾರರು ವರದಿ ಮಾಡಿದ ಪ್ರಕಾರ ಆರೋಪಿಯು near railway gate ದಿಂದ ರೂ. 9,991,736 ಮೌಲ್ಯದ bangaara ಕದ್ದಿದ್ದಾನೆ.",13.339525,77.7444,Nirmala Shastri,6708387354,Karnataka,9991736.57,1,1,0,false,post_monsoon,,,,,,OFF-0002877,,,,,,
FIR-BLR2-2021-00030-NOISE,EVT-00000002-20211113,KA/BLR2/2021/00030,STN-KA-BLR2-0000,KA-BLR2,Ballari,2021-11-13,2021-11-14,FRAUD,fraud,420,3,Under Investigation,"Accused obtained Rs. 7,526,932 form complainant on false pretext of government scheme.",ಅಜ್ಞಾತ ವ್ಯಕ್ತಿ(ಗಳು) market area ದಿಂದ bangaara ಕದ್ದಿದ್ದಾರೆ. 21:00 hours ಗಂಟೆಗೆ ಕಳ್ಳತನ ಗೊತ್ತಾಯಿತು.,15.240613,76.7963,Basavaraj Adiga,,Karnataka - 585327,7526932.75,1,2,1,false,post_monsoon,,,PHN-00003240,,,,,,,CRM-0000044,,
FIR-MGL-2021-00061-NOISE,EVT-00000003-20211113,KA/MGL/2021/00061,STN-KA-MGL-0002,KA-MGL,Dakshina Kannada,2021-11-13,2021-11-13,THEFT,property,379|324|34,2,Under Investigation,"Gold bangaara stolen from house while complainant was away. Total loss estimated at Rs. 27,074.","ದೂರುದಾರರು ವರದಿ ಮಾಡಿದ ಪ್ರಕಾರ ಆರೋಪಿಯು bus stand ದಿಂದ ರೂ. 27,074 ಮೌಲ್ಯದ two-wheeler ಕದ್ದಿದ್ದಾನೆ.",12.739346269281715,74.99944863902859,S. Gowda,9341395881,Karnataka - 579487,27074.16,1,2,1,false,post_monsoon,,,,,,OFF-0000847,OFF-0000836,,,,,
FIR-BLR2-2021-00031-NOISE,EVT-00000000-20211114,KA/BLR2/2021/00031,STN-KA-BLR2-0003,KA-BLR2,Ballari,2021-11-14,2021-11-19,THEFT,property,379|324|34,2,Under Investigation,"Info rcvd: The complnt reported that the accsd kaddidare gold jewellery valued at Rs. 22,584 from st","ದೂರುದಾರರು ವರದಿ ಮಾಡಿದ ಪ್ರಕಾರ ಆರೋಪಿಯು near railway gate ದಿಂದ ರೂ. 22,584 ಮೌಲ್ಯದ cash ಕದ್ದಿದ್ದಾನೆ.",15.412061,77.182533,Shantha Udupi,7235738122,Karnataka - 569092,22584.96,1,2,2,false,post_monsoon,,VEH-00000803,PHN-00001968,,,OFF-0003402,OFF-0003401,,,CRM-0000150,,
FIR-RBG-2021-00090-NOISE,EVT-00000001-20211115,KA/RBG/2021/00090,STN-KA-RBG-0014,KA-RBG,Dharwad,2021-11-15,2021-11-15,DACOITY,property,395|324|34,5,Closed (Undetected),"Info rcvd: The complnt reported that the accsd stole mobile phone valued at Rs. 486,078 form bus stand on said date.",,,,Vikram Murthy,9589768528,Karnataka - 589170,486078.55,1,4,2,false,post_monsoon,,VEH-00000038,PHN-00000082,,,OFF-0003700,OFF-0003693,,,CRM-0000052,,
FIR-HBL-2021-00068-NOISE,EVT-00000002-20211115,KA/HBL/2021/00068/DUP,STN-KA-HBL-0020,KA-HBL,Hubballi-Dharwad,2021-11-15,2021-11-16,ASSAULT,violent,324|34,3,Charge Sheet Filed,Info rcvd: The accsd assaulted the complnt with iron rod causing injuries near shop.,,15.120136,75.241098,Mohan Adiga,6412475904,Karnataka - 589718,44388.02,1,2,2,false,post_monsoon,,,PHN-00002597,,,OFF-0001201,OFF-0001201,,,CRM-0000078,,
FIR-KLP-2021-00065-NOISE,EVT-00000001-20211117,KA/KLP/2021/00065,STN-KA-KLP-0024,KA-KLP,Kalaburagi,2021-11-17,2021-11-17,CHAIN,property,392|324|34,3,Under Investigation,Accused snatched gold chain weighing 16 grams from complainant near market area.,"ದೂರುದಾರರು ಸಂಚಾರ ಮಾಡುತ್ತಿದ್ದಾಗ 2 ವ್ಯಕ್ತಿಗಳು ಮೋಟಾರ್ ಸೈಕಲ್ ಮೇಲೆ ಬಂದು ರೂ. 293,047 ಮೌಲ್ಯದ ಚಿನ್ನದ ಸರ ಎಳೆದುಕೊಂಡು ಓಡಿದ್ದಾರೆ.",,,Deepa Lingayat,7083722066,Karnataka - 588965,293047.11,1,3,2,false,post_monsoon,,,,,,OFF-0001640,OFF-0001640,,,,,
FIR-KLP-2021-00067-NOISE,EVT-00000000-20211119,KA/KLP/2021/00067,STN-KA-KLP-0009,KA-KLP,Kalaburagi,2021-11-19,2021-11-19,CYBER,cyber,66C_IT|324|34,3,Charge Sheet Filed,"The complainant has approached the PS stating that Complainant received fraudulent call/message and was cheated of Rs. 544,983 through online transfer. FIR registered.","ದೂರುದಾರರಿಗೆ ವಂಚಕ ಕರೆ ಬಂದು OTP ಪಡೆದು ರೂ. 544,983 ವಂಚಿಸಲಾಗಿದೆ.",17.284165667444586,76.55332016480078,Arjun Prabhu,9635694007,Karnataka - 571947,544983.56,1,1,1,false,post_monsoon,,,,,,OFF-0001515,OFF-0001515,,,,,
FIR-HBL-2021-00072-NOISE,EVT-00000003-20211121,KA/HBL/2021/00072,STN-KA-HBL-0024,KA-HBL,Hubballi-Dharwad,2021-11-21,2021-11-22,THEFT,property,379|324|34,2,Under Investigation,"Info rcvd: The complnt reported that the accsd kaddidare two-wheeler valued at Rs. 49,797 from market area on the above date.",,15.005419,75.332454,Anita Aras,6579953129,Karnataka - 571493,49797.9,1,1,2,false,post_monsoon,,,,,,OFF-0001222,OFF-0001221,,,,,
FIR-BLR-2021-00186-NOISE,EVT-00000000-20211130,KA/BLR/2021/00186,STN-KA-BLR-0018,KA-BLR,Bengaluru Urban,2021-11-30,2021-12-02,BURGLARY,property,457|324|34,3,Final Report,Info rcvd: Housebreaking reportd. Offenders entered through digital access and decamped with duddu.,,13.215185,77.535899,Shruthi Shetty,9070293766,Karnataka - 571812,225975.95,2,1,0,true,post_monsoon,CRM-0000141,,PHN-00003000,,,OFF-0000178,OFF-0000178,GANG-0002,,CRM-0000161,,
FIR-BLR-2021-00188-NOISE,EVT-00000002-20211203,KA/BLR/2021/00188,STN-KA-BLR-0038,KA-BLR,Bengaluru Urban,2021-12-03,2021-12-04,ASSAULT,violent,324|34,3,Under Investigation,It is submitted that Complainant was attacked by 2 persons. Injuries sustained. Admitted to hospita1,ಆರೋಪಿಯು iron rod ಬಳಸಿ ದೂರುದಾರರ ಮೇಲೆ shop ಬಳಿ ಹಲ್ಲೆ ಮಾಡಿದ್ದಾನೆ.,12.919398,77.641397,Meera Nayak,6621943493,Karnataka - 581332,6754.51,1,3,2,false,winter,,,PHN-00001978,,,OFF-0000359,,,,CRM-0000003,,
FIR-SHV-2021-00017-NOISE,EVT-00000001-20211211,KA/SHV/2021/00017,STN-KA-SHV-0013,KA-SHV,Shivamogga,2021-12-11,2021-12-12,ROBBERY,property,392,4,Final Report,Armed robbery committed near near railway gate. Accused fled on car after snatching bangaara.,ಅಜ್ಞಾತ ವ್ಯಕ್ತಿ(ಗಳು) mane hatra ದಿಂದ gold jewellery ಕದ್ದಿದ್ದಾರೆ. 23:00 hours ಗಂಟೆಗೆ ಕಳ್ಳತನ ಗೊತ್ತಾಯಿತು.,,,Srikanth Tantri,6393738447,Karnataka - 575814,51494.14,1,5,0,false,winter,,,PHN-00003599,,,OFF-0001841,OFF-0001843,,,CRM-0000059,,
FIR-BLR-2021-00206-NOISE,EVT-00000001-20211217,KA/BLR/2021/00206,STN-KA-BLR-0020,KA-BLR,Bengaluru Urban,2021-12-17,2021-12-17,TRESPASS,property,447|324|34,2,Closed (Undetected),Info rcvd: Gold gold jewellery kaddidaren from hs while complnt was away. Total loss estimated at Rs. 325.,ದೂರುದಾರರು ವರದಿ ಮಾಡಿದ ಪ್ರಕಾರ ಆರೋಪಿಯು bus stand ದಿಂದ ರೂ. 325 ಮೌಲ್ಯದ cash ಕದ್ದಿದ್ದಾನೆ.,12.976152,77.555117,Saritha,9346853875,Karnataka - 588242,325.52,1,1,0,false,winter,,,,,,OFF-0000206,OFF-0000194,,,,,
FIR-HVR-2021-00031-NOISE,EVT-00000001-20211218,KA/HVR/2021/00031,STN-KA-HVR-0004,KA-HVR,Haveri,2021-12-18,2021-12-18,DRUNK_DRV,traffic,185MV,2,Final Report,Gold duddu stolen from house while complainant was away. Total loss estimated at Rs. 350.,,14.407037,75.322033,Pooja Rao,8016727671,Karnataka - 579510,350.02,1,1,2,false,winter,,,PHN-00004011,,,OFF-0003102,OFF-0003102,,,CRM-0000244,,
FIR-KLR-2021-00008-NOISE,EVT-00000002-20211220,KA/KLR/2021/00008/DUP,STN-KA-KLR-0008,KA-KLR,Kolar,2021-12-20,2021-12-20,CYBER,cyber,66C_IT,3,Under Investigation,"Info rcvd: UPI fraud reported. Complainant transferred Rs. 1,463,088 to fraudulent account.",,12.873424,78.108072,Abhishek Sharma,7727110057,Karnataka - 566098,1463088.51,1,2,2,false,winter,,,PHN-00004102,,,OFF-0002828,OFF-0002826,,,CRM-0000051,,
FIR-BLR-2021-00210-NOISE,EVT-00000002-20211221,KA/BLR/2021/00210,STN-KA-BLR-0035,KA-BLR,Bengaluru Urban,2021-12-21,2021-12-21,DACOITY,property,395|324|34,5,Transferred,"Info rcvd: Gold mobile phone kaddidare from hs while complnt was away. Total loss estimated at Rs. 1,103,369.","ದೂರುದಾರರು ವರದಿ ಮಾಡಿದ ಪ್ರಕಾರ ಆರೋಪಿಯು mane hatra ದಿಂದ ರೂ. 1,103,369 ಮೌಲ್ಯದ two-wheeler ಕದ್ದಿದ್ದಾನೆ.",13.141139,77.422724,Yogesh Vokkaliga,7280516299,Karnataka - 588183,1103369.25,1,5,0,false,winter,,,,,,OFF-0000327,OFF-0000331,,,,,
FIR-KLP-2021-00076-NOISE,EVT-00000001-20211222,KA/KLP/2021/00076,STN-KA-KLP-0010,KA-KLP,Kalaburagi,2021-12-22,2021-12-22,ROBBERY,property,392,4,Charge Sheet Filed,Armed robbery committed near shop. Accused fled on bicycle after snatching cash.,ಅಜ್ಞಾತ ವ್ಯಕ್ತಿ(ಗಳು) complainant house ದಿಂದ cash ಕದ್ದಿದ್ದಾರೆ. 21:00 hours ಗಂಟೆಗೆ ಕಳ್ಳತನ ಗೊತ್ತಾಯಿತು.,,,Tejas Bhat,8335332904,Karnataka - 578289,118069.13,1,4,0,false,winter,,,PHN-00004157,,,,,,,CRM-0000213,,
FIR-MGL-2021-00071-NOISE,EVT-00000000-20211227,KA/MGL/2021/00071,STN-KA-MGL-0020,KA-MGL,Dakshina Kannada,2021-12-27,2021-12-27,ARSON,property,436|324|34,4,Charge Sheet Filed,"It is submitted that The complainant reportd that the accused stole laptop valued at Rs. 1,582,490 form shop on yesterday. Requesting further investigation.",,12.507201,75.121727,Kavitha Sharma,9874375159,Karnataka,1582490.52,1,2,1,false,winter,,,,,,OFF-0000983,OFF-0000983,,,,,
